Chrom	BP	Mut Type	Class	Neut Score	Hard Score	Soft Score
1	264024	1	Hard	0.2002844214439392	0.49990490078926086	0.2998107373714447
1	264236	1	Hard	0.34232062101364136	0.3843136131763458	0.27336573600769043
1	264269	1	Hard	0.29774656891822815	0.36192381381988525	0.340329647064209
1	265267	1	Hard	0.20370960235595703	0.48742806911468506	0.3088623285293579
1	265405	1	Hard	0.30565160512924194	0.40504103899002075	0.2893073856830597
1	266046	1	Hard	0.3358593285083771	0.3820497691631317	0.28209084272384644
1	266317	1	Hard	0.19534815847873688	0.5010362267494202	0.30361565947532654
1	266421	1	Hard	0.3304471969604492	0.3812791109085083	0.2882736921310425
1	266488	1	Hard	0.25558897852897644	0.4405378997325897	0.30387312173843384
1	267305	1	Hard	0.24426588416099548	0.4654642641544342	0.2902699112892151
1	268917	1	Hard	0.23587284982204437	0.46730583906173706	0.29682132601737976
1	270076	1	Hard	0.26367896795272827	0.43212902545928955	0.3041920065879822
1	270149	1	Hard	0.27356237173080444	0.44905799627304077	0.2773796319961548
1	270466	1	Hard	0.2010273039340973	0.5086694359779358	0.2903032600879669
1	272324	1	Neut	0.579252302646637	0.13308586180210114	0.2876618504524231
1	272908	1	Neut	0.5652439594268799	0.15524828433990479	0.2795077860355377
1	273051	1	Neut	0.5591921210289001	0.15817363560199738	0.2826341986656189
1	273055	1	Neut	0.5883752107620239	0.14011716842651367	0.2715076208114624
1	273541	1	Neut	0.6006006002426147	0.1291533261537552	0.2702459990978241
1	274175	1	Neut	0.6025309562683105	0.12664151191711426	0.2708275318145752
1	274485	1	Neut	0.7063771486282349	0.08270609378814697	0.21091680228710175
1	275667	1	Neut	0.694667637348175	0.11311803758144379	0.19221433997154236
1	276670	1	Neut	0.6676709651947021	0.11145083606243134	0.22087816894054413
1	278110	1	Neut	0.7195645570755005	0.09439089149236679	0.1860445886850357
1	279025	1	Neut	0.6788894534111023	0.09305800497531891	0.2280525267124176
1	279048	1	Neut	0.6948228478431702	0.09921187162399292	0.20596523582935333
1	279336	1	Neut	0.6917303204536438	0.09817872941493988	0.21009090542793274
1	280485	1	Neut	0.6745766997337341	0.10952261090278625	0.21590064465999603
1	280613	1	Neut	0.690272331237793	0.1084134578704834	0.20131416618824005
1	281289	1	Neut	0.7038547992706299	0.09087319672107697	0.20527197420597076
1	283986	1	Neut	0.5988731384277344	0.13431982696056366	0.2668069899082184
1	284362	1	Neut	0.5904061794281006	0.1265724152326584	0.28302139043807983
1	284961	1	Neut	0.6452911496162415	0.10793370753526688	0.24677513539791107
1	285092	1	Neut	0.5465860962867737	0.1314653903245926	0.32194846868515015
1	285392	1	Soft	0.3788771629333496	0.08053695410490036	0.5405858755111694
1	285769	1	Soft	0.3437102138996124	0.07725115865468979	0.5790386199951172
1	285826	1	Soft	0.3807159662246704	0.09188367426395416	0.5274003148078918
1	286387	1	Soft	0.36840373277664185	0.10149699449539185	0.5300992727279663
1	286564	1	Soft	0.4045751094818115	0.09372802078723907	0.5016968846321106
1	286934	1	Soft	0.40391719341278076	0.08484828472137451	0.5112344622612
1	287079	1	Soft	0.3568514883518219	0.0987619087100029	0.5443865656852722
1	287210	1	Soft	0.37063831090927124	0.10495658963918686	0.5244051218032837
1	287821	1	Soft	0.37770015001296997	0.10565218329429626	0.5166476964950562
1	288450	1	Neut	0.4992038309574127	0.11680657416582108	0.3839895725250244
1	288623	1	Neut	0.5631278157234192	0.10851608216762543	0.3283561170101166
1	288652	1	Neut	0.6042359471321106	0.09996379911899567	0.29580023884773254
1	289177	1	Neut	0.5143728256225586	0.10685230046510696	0.37877482175827026
1	290834	1	Neut	0.4982265830039978	0.11849914491176605	0.38327425718307495
1	290857	1	Neut	0.47559723258018494	0.12497157603502274	0.39943116903305054
1	290911	1	Neut	0.5023894309997559	0.12655586004257202	0.3710547685623169
1	10805	1	Neut	0.6568986773490906	0.13212206959724426	0.21097922325134277
1	13742	1	Neut	0.6619338989257812	0.12161172181367874	0.21645435690879822
1	14022	1	Neut	0.6618634462356567	0.13260002434253693	0.20553657412528992
1	14340	1	Neut	0.7037850618362427	0.10589641332626343	0.1903185099363327
1	15124	1	Neut	0.673591136932373	0.12278123199939728	0.20362763106822968
1	15409	1	Neut	0.5886444449424744	0.18289726972579956	0.22845827043056488
1	15773	1	Neut	0.6189263463020325	0.14930908381938934	0.2317645251750946
1	16002	1	Neut	0.548539400100708	0.20935314893722534	0.24210743606090546
1	16294	1	Neut	0.4299446940422058	0.28836846351623535	0.28168684244155884
1	16975	1	Neut	0.5979422330856323	0.16649974882602692	0.23555809259414673
1	17039	1	Neut	0.3910275995731354	0.33829358220100403	0.2706788182258606
1	17812	1	Neut	0.517043948173523	0.20911464095115662	0.2738414704799652
1	17945	1	Neut	0.6187060475349426	0.1563795804977417	0.2249143421649933
1	18356	1	Neut	0.5403100252151489	0.21938985586166382	0.24030011892318726
1	18996	1	Neut	0.5643446445465088	0.18797217309474945	0.2476831078529358
1	20523	1	Neut	0.4497646987438202	0.2800113558769226	0.270224004983902
1	20694	1	Neut	0.4819651246070862	0.2502571940422058	0.26777762174606323
1	21183	1	Neut	0.5639602541923523	0.20007574558258057	0.23596403002738953
1	21261	1	Neut	0.5474854111671448	0.1991230696439743	0.2533915340900421
1	21304	1	Neut	0.4481421113014221	0.2850053310394287	0.26685255765914917
1	22058	1	Hard	0.32253652811050415	0.40062257647514343	0.27684086561203003
1	22432	1	Neut	0.5607929825782776	0.20704710483551025	0.23215995728969574
1	22562	1	Neut	0.6323753595352173	0.15826039016246796	0.20936426520347595
1	22751	1	Hard	0.2128102332353592	0.4892858862876892	0.297903835773468
1	25140	1	Hard	0.3305797278881073	0.348474383354187	0.3209458291530609
1	25694	1	Neut	0.5329329967498779	0.1606186479330063	0.306448370218277
1	25799	1	Neut	0.4997803866863251	0.2186274528503418	0.28159207105636597
1	26663	1	Hard	0.2524629533290863	0.41836151480674744	0.3291754424571991
1	26778	1	Neut	0.5408851504325867	0.2175324559211731	0.24158242344856262
1	26802	1	Neut	0.5956724286079407	0.1751626878976822	0.22916488349437714
1	28238	1	Neut	0.6401394605636597	0.14663563668727875	0.21322494745254517
1	28872	1	Neut	0.6674336791038513	0.13038033246994019	0.20218601822853088
1	29425	1	Neut	0.6036765575408936	0.1576375961303711	0.23868584632873535
1	29672	1	Neut	0.5597147345542908	0.13287825882434845	0.3074069619178772
1	29753	1	Neut	0.6122013330459595	0.12397770583629608	0.263821005821228
1	30330	1	Neut	0.5505521893501282	0.13838344812393188	0.31106430292129517
1	30343	1	Soft	0.3580365478992462	0.19672460854053497	0.44523885846138
1	30396	1	Neut	0.45666661858558655	0.1875905841588974	0.35574278235435486
1	30498	1	Neut	0.5857064723968506	0.2014109194278717	0.2128826230764389
1	32055	1	Neut	0.5391814112663269	0.23093512654304504	0.22988340258598328
1	32907	1	Neut	0.4063481390476227	0.3213830292224884	0.27226880192756653
1	33213	1	Neut	0.5878013968467712	0.19730795919895172	0.21489059925079346
1	34903	1	Neut	0.41520655155181885	0.25922349095344543	0.3255699872970581
1	35915	1	Neut	0.5918479561805725	0.187178373336792	0.22097361087799072
1	36677	1	Neut	0.5339546203613281	0.22912843525409698	0.2369168996810913
1	37299	1	Neut	0.4072127044200897	0.3207896649837494	0.2719976305961609
1	37696	1	Neut	0.5070899128913879	0.21728643774986267	0.275623619556427
1	38055	1	Neut	0.701161801815033	0.11672727018594742	0.18211087584495544
1	38179	1	Neut	0.6103780269622803	0.14063750207424164	0.24898451566696167
1	39401	1	Neut	0.6229052543640137	0.1386120766401291	0.23848269879817963
1	39620	1	Neut	0.4215025007724762	0.25792670249938965	0.32057076692581177
1	39898	1	Neut	0.386742502450943	0.30140697956085205	0.31185054779052734
1	40746	1	Neut	0.5781990885734558	0.15128691494464874	0.2705139219760895
1	40887	1	Neut	0.6302234530448914	0.14240536093711853	0.22737115621566772
1	40968	1	Neut	0.49826255440711975	0.23254109919071198	0.26919636130332947
1	41333	1	Neut	0.590641975402832	0.1573651283979416	0.25199294090270996
1	41639	1	Neut	0.5020506978034973	0.20031289756298065	0.2976364493370056
1	42043	1	Neut	0.5723733901977539	0.16266979277133942	0.2649568021297455
1	42226	1	Neut	0.5463628768920898	0.19441834092140198	0.2592187523841858
1	43179	1	Neut	0.6867589354515076	0.11703946441411972	0.19620157778263092
1	43630	1	Neut	0.6524794101715088	0.1306367665529251	0.2168838381767273
1	44198	1	Neut	0.6546865701675415	0.13597136735916138	0.2093420922756195
1	44345	1	Neut	0.5960423946380615	0.1489255428314209	0.2550320625305176
1	44349	1	Neut	0.623982846736908	0.14947865903377533	0.22653856873512268
1	44720	1	Neut	0.5605224967002869	0.17790529131889343	0.2615721523761749
1	44727	1	Neut	0.5698999166488647	0.20100323855876923	0.22909684479236603
1	45228	1	Neut	0.6077646017074585	0.1589171141386032	0.2333182841539383
1	45237	1	Neut	0.6687886714935303	0.1276889443397522	0.20352239906787872
1	45403	1	Neut	0.6696507930755615	0.13554877042770386	0.19480037689208984
1	45584	1	Neut	0.6352276802062988	0.1453196108341217	0.21945272386074066
1	46431	1	Neut	0.6655274033546448	0.13801570236682892	0.1964568942785263
1	46478	1	Neut	0.6295807957649231	0.13597743213176727	0.23444178700447083
1	46578	1	Neut	0.6323118209838867	0.14381681382656097	0.22387132048606873
1	46973	1	Neut	0.6453652381896973	0.142596036195755	0.21203869581222534
1	48014	1	Neut	0.7328310012817383	0.09973403811454773	0.1674349159002304
1	48861	1	Neut	0.7139475345611572	0.110824353992939	0.17522810399532318
1	49352	1	Neut	0.61232590675354	0.12830977141857147	0.2593642473220825
1	50217	1	Neut	0.6762531399726868	0.11139815300703049	0.21234866976737976
1	50487	1	Neut	0.6928871273994446	0.11572551727294922	0.1913873553276062
1	51273	1	Neut	0.6369580626487732	0.14070884883403778	0.22233302891254425
1	53244	1	Neut	0.7056694030761719	0.10934863239526749	0.18498201668262482
1	54154	1	Neut	0.7060567736625671	0.11248977482318878	0.18145349621772766
1	54364	1	Neut	0.6569613218307495	0.1357157975435257	0.2073228806257248
1	54384	1	Neut	0.7005757093429565	0.11585042625665665	0.18357384204864502
1	54389	1	Neut	0.6911614537239075	0.12045077234506607	0.18838772177696228
1	54769	1	Neut	0.6777447462081909	0.13107506930828094	0.19118022918701172
1	57668	1	Neut	0.6641939878463745	0.13506005704402924	0.20074588060379028
1	58656	1	Neut	0.7362579703330994	0.09660352766513824	0.16713856160640717
1	58739	1	Neut	0.7110917568206787	0.09713307023048401	0.1917750984430313
1	59978	1	Neut	0.7561649680137634	0.08336886018514633	0.16046613454818726
1	60508	1	Neut	0.7605128288269043	0.08251971006393433	0.15696744620800018
1	60541	1	Neut	0.7292431592941284	0.08987714350223541	0.18087975680828094
1	61284	1	Neut	0.732775092124939	0.08472587913274765	0.1824989765882492
1	61349	1	Neut	0.6774489283561707	0.10084240883588791	0.22170865535736084
1	61446	1	Neut	0.739096462726593	0.08506083488464355	0.17584270238876343
1	61497	1	Neut	0.7362269163131714	0.08869051188230515	0.17508256435394287
1	62093	1	Neut	0.6988112330436707	0.09534440189599991	0.2058444321155548
1	62519	1	Neut	0.7438293695449829	0.08738137036561966	0.16878923773765564
1	62691	1	Neut	0.6838369369506836	0.10015695542097092	0.21600612998008728
1	63000	1	Neut	0.7607384324073792	0.07805346697568893	0.1612081378698349
1	63114	1	Neut	0.7206758856773376	0.08843306452035904	0.19089101254940033
1	64271	1	Neut	0.7201462388038635	0.08454906940460205	0.19530470669269562
1	64823	1	Neut	0.7225714325904846	0.08670304715633392	0.19072547554969788
1	65015	1	Neut	0.7608070969581604	0.07503307610750198	0.16415978968143463
1	65248	1	Neut	0.5033276081085205	0.1420605331659317	0.35461193323135376
1	66078	1	Neut	0.6121066212654114	0.12466796487569809	0.26322534680366516
1	66497	1	Neut	0.5622852444648743	0.1403590589761734	0.29735565185546875
1	67443	1	Neut	0.5992910861968994	0.13457778096199036	0.2661311626434326
1	68371	1	Neut	0.4988625943660736	0.16059888899326324	0.3405384421348572
1	68691	1	Neut	0.5617346167564392	0.15337258577346802	0.28489285707473755
1	68998	1	Neut	0.6405907869338989	0.121239572763443	0.23816965520381927
1	69084	1	Neut	0.6276548504829407	0.1310320645570755	0.24131301045417786
1	69969	1	Neut	0.5619470477104187	0.1385447084903717	0.299508273601532
1	70153	1	Neut	0.6096540093421936	0.13403742015361786	0.25630858540534973
1	70435	1	Neut	0.5830272436141968	0.14914163947105408	0.26783114671707153
1	70974	1	Neut	0.4812564551830292	0.1427607536315918	0.37598276138305664
1	71848	1	Neut	0.6343750357627869	0.13231733441352844	0.2333076149225235
1	73231	1	Neut	0.5438852310180664	0.15398940443992615	0.3021254539489746
1	73402	1	Neut	0.612806499004364	0.1385384500026703	0.24865509569644928
1	74247	1	Neut	0.6503811478614807	0.12157250195741653	0.22804632782936096
1	75123	1	Neut	0.5874459147453308	0.13690203428268433	0.27565208077430725
1	75304	1	Neut	0.6091946959495544	0.14036035537719727	0.2504449784755707
1	75668	1	Neut	0.6270864009857178	0.13311566412448883	0.2397979199886322
1	77107	1	Neut	0.6345663666725159	0.12210074812173843	0.2433329075574875
1	77358	1	Neut	0.5928350687026978	0.13890479505062103	0.26826009154319763
1	78806	1	Neut	0.570701539516449	0.13807477056980133	0.2912236750125885
1	79200	1	Neut	0.5901073813438416	0.12951110303401947	0.28038156032562256
1	81575	1	Neut	0.6499064564704895	0.11061492562294006	0.23947855830192566
1	81865	1	Neut	0.584211528301239	0.1367407739162445	0.2790476977825165
1	81980	1	Neut	0.4520260989665985	0.16015172004699707	0.38782215118408203
1	82350	1	Neut	0.4532415270805359	0.15336856245994568	0.39338988065719604
1	83301	1	Soft	0.3972165286540985	0.1458149403333664	0.4569685459136963
1	83515	1	Neut	0.48405057191848755	0.14615242183208466	0.3697970509529114
1	84606	1	Soft	0.3614296019077301	0.274294376373291	0.3642760217189789
1	85038	1	Neut	0.4418984055519104	0.1457626223564148	0.4123389422893524
1	85271	1	Soft	0.3898739516735077	0.17842528223991394	0.43170079588890076
1	85558	1	Soft	0.40557777881622314	0.18503352999687195	0.4093887209892273
1	85634	1	Soft	0.38647979497909546	0.2019534409046173	0.41156676411628723
1	85799	1	Neut	0.4651089906692505	0.17027941346168518	0.36461159586906433
1	88988	1	Soft	0.3540506660938263	0.1857529729604721	0.4601964056491852
1	89146	1	Soft	0.3764529526233673	0.18587353825569153	0.43767350912094116
1	89415	1	Soft	0.3128407299518585	0.21133659780025482	0.47582271695137024
1	89428	1	Neut	0.40475577116012573	0.197787806391716	0.39745643734931946
1	90210	1	Soft	0.3796607255935669	0.15690328180789948	0.46343594789505005
1	92639	1	Neut	0.4285905659198761	0.15361106395721436	0.41779825091362
1	93482	1	Hard	0.32288995385169983	0.39982494711875916	0.2772851288318634
1	93620	1	Neut	0.51322340965271	0.1853644996881485	0.3014121353626251
1	95131	1	Neut	0.5067915916442871	0.21501728892326355	0.27819108963012695
1	95259	1	Neut	0.4885175824165344	0.19430765509605408	0.3171747326850891
1	95360	1	Neut	0.5206623673439026	0.19456394016742706	0.28477373719215393
1	96710	1	Neut	0.6232409477233887	0.1195673793554306	0.2571916878223419
1	96921	1	Neut	0.6466932892799377	0.11586732417345047	0.2374393790960312
1	97060	1	Neut	0.6297776699066162	0.12199977785348892	0.24822260439395905
1	97233	1	Neut	0.6290283799171448	0.12321703135967255	0.24775460362434387
1	97355	1	Neut	0.5884435176849365	0.13062553107738495	0.2809309661388397
1	97449	1	Neut	0.6768980622291565	0.11211015284061432	0.2109917551279068
1	97482	1	Neut	0.651080846786499	0.12260008603334427	0.22631901502609253
1	97582	1	Neut	0.6482582092285156	0.11851537227630615	0.23322632908821106
1	98116	1	Neut	0.6232014298439026	0.1234254315495491	0.2533731460571289
1	99483	1	Neut	0.6241020560264587	0.11974405497312546	0.2561538517475128
1	99794	1	Neut	0.6501231789588928	0.11756792664527893	0.23230887949466705
1	99893	1	Neut	0.6886675953865051	0.1088172122836113	0.20251525938510895
1	100383	1	Neut	0.6102761626243591	0.12557703256607056	0.2641468346118927
1	101567	1	Neut	0.6321405172348022	0.12218333780765533	0.245676189661026
1	101744	1	Neut	0.6607987880706787	0.11563783884048462	0.2235633283853531
1	102222	1	Neut	0.6877085566520691	0.1110677719116211	0.20122361183166504
1	103219	1	Neut	0.646598756313324	0.11961541324853897	0.23378588259220123
1	104553	1	Neut	0.6516483426094055	0.11365048587322235	0.23470114171504974
1	104818	1	Neut	0.657802939414978	0.10999850928783417	0.23219852149486542
1	105459	1	Neut	0.6374354958534241	0.12570461630821228	0.23685990273952484
1	105620	1	Neut	0.6584277749061584	0.11716876924037933	0.22440354526042938
1	106076	1	Neut	0.6765552759170532	0.10569678992033005	0.2177479863166809
1	106250	1	Neut	0.6721653938293457	0.10881097614765167	0.2190237045288086
1	106452	1	Neut	0.6796001195907593	0.11081890016794205	0.20958100259304047
1	106738	1	Neut	0.5988759398460388	0.12399198114871979	0.277132123708725
1	107303	1	Neut	0.5547148585319519	0.14217060804367065	0.30311450362205505
1	108346	1	Neut	0.5995832681655884	0.12259621173143387	0.27782052755355835
1	108625	1	Neut	0.5090948939323425	0.1685127317905426	0.3223922848701477
1	108900	1	Neut	0.6403884887695312	0.11682692170143127	0.2427845299243927
1	109077	1	Neut	0.5723005533218384	0.12788458168506622	0.2998148500919342
1	109146	1	Neut	0.5126888155937195	0.13905231654644012	0.34825894236564636
1	109280	1	Neut	0.600393533706665	0.13817903399467468	0.2614273726940155
1	109304	1	Neut	0.5663749575614929	0.13189414143562317	0.3017308712005615
1	109452	1	Neut	0.505608081817627	0.15379486978054047	0.34059715270996094
1	109814	1	Neut	0.5616501569747925	0.14155328273773193	0.2967965006828308
1	110171	1	Neut	0.53392493724823	0.14801913499832153	0.3180559575557709
1	110220	1	Neut	0.4724588990211487	0.15844370424747467	0.3690973222255707
1	110355	1	Neut	0.5886784791946411	0.13508327305316925	0.27623820304870605
1	110585	1	Neut	0.5140811800956726	0.15642736852169037	0.3294914960861206
1	110696	1	Neut	0.6018060445785522	0.1217336431145668	0.27646028995513916
1	111819	1	Neut	0.5762810707092285	0.12448602169752121	0.2992328405380249
1	111956	1	Neut	0.5329635143280029	0.14190000295639038	0.3251364827156067
1	112157	1	Neut	0.6406441926956177	0.11814641952514648	0.24120929837226868
1	112225	1	Neut	0.5294025540351868	0.13192030787467957	0.33867719769477844
1	112460	1	Neut	0.5458207726478577	0.13085725903511047	0.32332202792167664
1	112624	1	Neut	0.5635381937026978	0.12878376245498657	0.30767807364463806
1	112848	1	Neut	0.5483443737030029	0.12152592837810516	0.3301296532154083
1	113084	1	Neut	0.546532392501831	0.1312582790851593	0.32220935821533203
1	113327	1	Neut	0.5909228920936584	0.11773260682821274	0.29134446382522583
1	114461	1	Neut	0.5433105826377869	0.13844847679138184	0.3182410001754761
1	114539	1	Neut	0.5290065407752991	0.12895303964614868	0.34204038977622986
1	115365	1	Neut	0.5431802868843079	0.1277753859758377	0.329044371843338
1	116076	1	Neut	0.5735297799110413	0.11447528749704361	0.3119949996471405
1	116122	1	Neut	0.7117767333984375	0.10348619520664215	0.18473702669143677
1	116773	1	Neut	0.7256230711936951	0.09876861423254013	0.17560836672782898
1	116775	1	Neut	0.5609214305877686	0.12719324231147766	0.31188535690307617
1	118140	1	Neut	0.5759634971618652	0.11520575731992722	0.30883073806762695
1	118391	1	Neut	0.5502700805664062	0.14033100008964539	0.30939894914627075
1	118577	1	Neut	0.5463773608207703	0.1304410696029663	0.3231815695762634
1	118803	1	Neut	0.6042309403419495	0.1137448325753212	0.28202420473098755
1	118878	1	Neut	0.5676909685134888	0.13203738629817963	0.3002716600894928
1	119192	1	Neut	0.5396488904953003	0.13333694636821747	0.32701411843299866
1	120333	1	Neut	0.5458640456199646	0.1454911231994629	0.3086449205875397
1	121048	1	Neut	0.6153072714805603	0.11462792009115219	0.2700648009777069
1	121233	1	Neut	0.6524528861045837	0.1030578464269638	0.24448925256729126
1	121331	1	Neut	0.6535509824752808	0.10346236824989319	0.24298667907714844
1	121708	1	Neut	0.6655976176261902	0.1114533394575119	0.2229490876197815
1	122494	1	Neut	0.6214516758918762	0.12168928235769272	0.25685906410217285
1	123096	1	Neut	0.6384434700012207	0.11026555299758911	0.2512909471988678
1	123128	1	Neut	0.7218577861785889	0.10361725091934204	0.1745249480009079
1	123343	1	Neut	0.7150963544845581	0.10453721135854721	0.18036644160747528
1	123844	1	Neut	0.7147195339202881	0.10680040717124939	0.1784801036119461
1	125429	1	Neut	0.7192198038101196	0.09672598540782928	0.1840541809797287
1	125468	1	Neut	0.7044293284416199	0.11190348863601685	0.18366709351539612
1	127123	1	Neut	0.703685462474823	0.10640919208526611	0.1899053007364273
1	127657	1	Neut	0.7106881141662598	0.11081302165985107	0.1784987896680832
1	127807	1	Neut	0.7296631336212158	0.10467333346605301	0.16566355526447296
1	127968	1	Neut	0.7190079092979431	0.1001429334282875	0.180849090218544
1	129031	1	Neut	0.7194036841392517	0.10563105344772339	0.17496530711650848
1	129202	1	Neut	0.7102084159851074	0.10959839075803757	0.18019330501556396
1	129871	1	Neut	0.6969782710075378	0.10948505252599716	0.1935366839170456
1	130116	1	Neut	0.710732102394104	0.10922896862030029	0.18003901839256287
1	131290	1	Neut	0.6980879902839661	0.10650304704904556	0.19540897011756897
1	131472	1	Neut	0.7203226089477539	0.09780078381299973	0.1818765550851822
1	131482	1	Neut	0.7083558440208435	0.1109924465417862	0.18065166473388672
1	131622	1	Neut	0.6886740922927856	0.11698217689990997	0.19434374570846558
1	132317	1	Neut	0.683177649974823	0.1217004731297493	0.19512183964252472
1	132608	1	Neut	0.6996936202049255	0.1178424283862114	0.18246391415596008
1	132748	1	Neut	0.6889661550521851	0.10936713218688965	0.2016667127609253
1	132810	1	Neut	0.7027540802955627	0.10702265053987503	0.1902233213186264
1	132867	1	Neut	0.6793782114982605	0.11832663416862488	0.20229516923427582
1	133486	1	Neut	0.672758936882019	0.12121576070785522	0.20602525770664215
1	133643	1	Neut	0.7018744349479675	0.1140744611620903	0.18405109643936157
1	134053	1	Neut	0.7543391585350037	0.08783135563135147	0.15782953798770905
1	134508	1	Neut	0.6902060508728027	0.12240787595510483	0.18738597631454468
1	134608	1	Neut	0.7020044326782227	0.1170787587761879	0.18091678619384766
1	134701	1	Neut	0.6640690565109253	0.13348400592803955	0.20244687795639038
1	135106	1	Neut	0.6510969400405884	0.12316739559173584	0.22573567926883698
1	135145	1	Neut	0.6717926263809204	0.12316195666790009	0.2050454467535019
1	135255	1	Neut	0.6551412343978882	0.12847411632537842	0.2163846641778946
1	135948	1	Neut	0.6866061091423035	0.10917456448078156	0.20421932637691498
1	136138	1	Neut	0.6298050880432129	0.12969467043876648	0.24050027132034302
1	136786	1	Neut	0.7092854380607605	0.10775042325258255	0.18296417593955994
1	136972	1	Neut	0.691088855266571	0.12485522031784058	0.18405592441558838
1	137280	1	Neut	0.7018300890922546	0.10981366783380508	0.18835629522800446
1	137632	1	Neut	0.6873682141304016	0.11540021747350693	0.19723151624202728
1	138412	1	Neut	0.707714855670929	0.1077873632311821	0.18449775874614716
1	138792	1	Neut	0.6791308522224426	0.11313766986131668	0.20773150026798248
1	138986	1	Neut	0.7149606943130493	0.11507598310709	0.16996338963508606
1	139029	1	Neut	0.6858835220336914	0.11507178097963333	0.19904471933841705
1	139208	1	Neut	0.6916981339454651	0.11725801229476929	0.19104382395744324
1	140332	1	Neut	0.7086067199707031	0.11577164381742477	0.1756216436624527
1	140681	1	Neut	0.7178663015365601	0.09950634092092514	0.182627335190773
1	140804	1	Neut	0.7178447842597961	0.10701367259025574	0.17514154314994812
1	141097	1	Neut	0.7144102454185486	0.11825291812419891	0.1673368215560913
1	141279	1	Neut	0.6625370383262634	0.12399885058403015	0.21346412599086761
1	141486	1	Neut	0.6403558850288391	0.12578946352005005	0.23385462164878845
1	141549	1	Neut	0.6881999969482422	0.11079699546098709	0.2010030299425125
1	142345	1	Neut	0.6156227588653564	0.1481637954711914	0.23621344566345215
1	143651	1	Neut	0.6541116833686829	0.12921971082687378	0.21666863560676575
1	143772	1	Neut	0.7671393752098083	0.08327004313468933	0.14959055185317993
1	143801	1	Neut	0.7571374773979187	0.0951063483953476	0.1477561593055725
1	143903	1	Neut	0.7165333032608032	0.10159429907798767	0.1818723827600479
1	145457	1	Neut	0.7200034856796265	0.10320831090211868	0.17678816616535187
1	145783	1	Neut	0.7014243006706238	0.1136656329035759	0.18491005897521973
1	147347	1	Neut	0.44543129205703735	0.1282402127981186	0.42632856965065
1	148156	1	Neut	0.463874489068985	0.14447034895420074	0.3916551172733307
1	148250	1	Neut	0.46980711817741394	0.11976831406354904	0.4104245603084564
1	148603	1	Neut	0.49605947732925415	0.11849860101938248	0.3854418694972992
1	148724	1	Neut	0.4597208499908447	0.11522909253835678	0.4250500798225403
1	149465	1	Neut	0.45716044306755066	0.12301938980817795	0.4198201596736908
1	151357	1	Neut	0.5729408264160156	0.10778439790010452	0.31927478313446045
1	151630	1	Neut	0.47244811058044434	0.11636049300432205	0.4111914336681366
1	152180	1	Neut	0.5395585298538208	0.10395438224077225	0.35648706555366516
1	153134	1	Neut	0.49003303050994873	0.11933702975511551	0.3906298577785492
1	153235	1	Neut	0.49596428871154785	0.12620073556900024	0.3778349459171295
1	153274	1	Neut	0.4707708954811096	0.11439511924982071	0.41483408212661743
1	154476	1	Neut	0.46541115641593933	0.1312374770641327	0.4033512771129608
1	154736	1	Neut	0.5215267539024353	0.11541479080915451	0.3630583882331848
1	156101	1	Neut	0.48792779445648193	0.12548165023326874	0.3865905702114105
1	156389	1	Neut	0.52952641248703	0.11129550635814667	0.3591781258583069
1	156540	1	Neut	0.43901029229164124	0.2940247654914856	0.26696494221687317
1	157924	1	Hard	0.3565676212310791	0.36259111762046814	0.2808411717414856
1	158029	1	Neut	0.5144141316413879	0.2149570733308792	0.27062880992889404
1	158270	1	Neut	0.3912218511104584	0.3326050043106079	0.2761731743812561
1	158562	1	Hard	0.18740510940551758	0.5186269283294678	0.2939679026603699
1	158846	1	Neut	0.4614439606666565	0.10600326210260391	0.4325528144836426
1	159777	1	Neut	0.43316346406936646	0.24886706471443176	0.31796953082084656
1	159975	1	Hard	0.18718405067920685	0.5251982808113098	0.28761762380599976
1	161083	1	Neut	0.4074099063873291	0.27987736463546753	0.31271275877952576
1	161325	1	Neut	0.41311147809028625	0.2913172245025635	0.29557129740715027
1	161825	1	Hard	0.31184425950050354	0.3878125548362732	0.30034321546554565
1	162118	1	Hard	0.32259899377822876	0.3539262115955353	0.32347479462623596
1	163244	1	Hard	0.21896876394748688	0.49413710832595825	0.28689414262771606
1	163585	1	Hard	0.275672972202301	0.43034034967422485	0.2939867377281189
1	163680	1	Neut	0.36854487657546997	0.34765827655792236	0.28379684686660767
1	165051	1	Hard	0.2860136330127716	0.4168781042098999	0.29710832238197327
1	165092	1	Neut	0.48134559392929077	0.0991688072681427	0.41948550939559937
1	165473	1	Neut	0.47850045561790466	0.08923021703958511	0.43226930499076843
1	166140	1	Neut	0.46852168440818787	0.09715915471315384	0.4343191683292389
1	166801	1	Neut	0.46843189001083374	0.08939152956008911	0.44217658042907715
1	167089	1	Neut	0.5517725944519043	0.09954917430877686	0.34867823123931885
1	167200	1	Neut	0.48156216740608215	0.08775927871465683	0.43067851662635803
1	167962	1	Neut	0.4831564128398895	0.09172449260950089	0.425119012594223
1	169151	1	Neut	0.4674196243286133	0.08913792669773102	0.4434424340724945
1	169467	1	Neut	0.46721968054771423	0.1071978211402893	0.4255824685096741
1	169549	1	Neut	0.5233328342437744	0.0973840206861496	0.3792831003665924
1	170250	1	Neut	0.45728805661201477	0.09204214811325073	0.4506698250770569
1	170362	1	Neut	0.4643116593360901	0.09574173390865326	0.4399466812610626
1	170543	1	Neut	0.5089527368545532	0.10171955823898315	0.38932764530181885
1	170801	1	Neut	0.5172766447067261	0.08960524201393127	0.39311811327934265
1	171432	1	Soft	0.44588837027549744	0.09175197035074234	0.4623596668243408
1	171861	1	Neut	0.5098722577095032	0.08362513780593872	0.4065026044845581
1	172139	1	Neut	0.5350620746612549	0.0896875187754631	0.3752503991127014
1	172488	1	Hard	0.11558589339256287	0.5901737213134766	0.29424041509628296
1	172970	1	Hard	0.21266873180866241	0.4832626283168793	0.30406859517097473
1	173136	1	Hard	0.19144324958324432	0.4426673352718353	0.36588940024375916
1	173189	1	Hard	0.1024135872721672	0.6074699759483337	0.29011648893356323
1	173985	1	Hard	0.19948209822177887	0.4683060646057129	0.3322119116783142
1	175795	1	Hard	0.24958975613117218	0.39879536628723145	0.3516148328781128
1	175937	1	Hard	0.19956545531749725	0.4566464424133301	0.3437880873680115
1	176486	1	Hard	0.17108705639839172	0.5006203055381775	0.328292578458786
1	176535	1	Hard	0.1319635957479477	0.5439867973327637	0.32404956221580505
1	176598	1	Hard	0.25463518500328064	0.39679864048957825	0.3485662341117859
1	177326	1	Hard	0.20693039894104004	0.46893900632858276	0.324130654335022
1	177823	1	Hard	0.27084070444107056	0.39338597655296326	0.3357733488082886
1	178169	1	Hard	0.27359646558761597	0.407427579164505	0.31897595524787903
1	178173	1	Hard	0.11326645314693451	0.6122276186943054	0.27450597286224365
1	178471	1	Hard	0.19721674919128418	0.49918243288993835	0.3036007881164551
1	178933	1	Hard	0.23509083688259125	0.42624902725219727	0.33866018056869507
1	179236	1	Soft	0.31085845828056335	0.3225319981575012	0.36660951375961304
1	179329	1	Neut	0.6883021593093872	0.09568803012371063	0.21600981056690216
1	179481	1	Neut	0.6767439246177673	0.09889288991689682	0.22436311841011047
1	179485	1	Neut	0.7440950274467468	0.07924115657806396	0.1766638308763504
1	179708	1	Hard	0.07974568009376526	0.604595959186554	0.3156583309173584
1	180444	1	Hard	0.057861894369125366	0.6645448803901672	0.277593195438385
1	180728	1	Hard	0.025013869628310204	0.7756378650665283	0.19934824109077454
1	181290	1	Hard	0.06671332567930222	0.6385002136230469	0.2947864830493927
1	181315	1	Hard	0.034755170345306396	0.7321387529373169	0.2331060767173767
1	181639	1	Hard	0.06600912660360336	0.6428885459899902	0.2911023199558258
1	183555	1	Hard	0.030282756313681602	0.7431714534759521	0.2265457659959793
1	183577	1	Hard	0.07140304148197174	0.630936324596405	0.2976607084274292
1	184189	1	Hard	0.06560088694095612	0.6468130946159363	0.287585973739624
1	184263	1	Hard	0.022339509800076485	0.7803133726119995	0.19734713435173035
1	184377	1	Hard	0.02594664879143238	0.7753939628601074	0.19865943491458893
1	185496	1	Hard	0.06722382456064224	0.6535623669624329	0.2792138457298279
1	186948	1	Hard	0.06048331409692764	0.6551753878593445	0.28434130549430847
1	189483	1	Hard	0.04531824216246605	0.7077657580375671	0.24691595137119293
1	189691	1	Hard	0.05219205096364021	0.7043948769569397	0.24341309070587158
1	190355	1	Hard	0.0374477319419384	0.7269420623779297	0.23561027646064758
1	190401	1	Hard	0.06334512680768967	0.653105616569519	0.28354930877685547
1	190583	1	Hard	0.031199701130390167	0.741199254989624	0.2276010662317276
1	191367	1	Hard	0.041245121508836746	0.7052680253982544	0.25348690152168274
1	191921	1	Hard	0.04860880970954895	0.7040231823921204	0.2473679929971695
1	193458	1	Hard	0.0630326196551323	0.6492009162902832	0.2877665162086487
1	193640	1	Hard	0.06526792049407959	0.6346012949943542	0.30013078451156616
1	194600	1	Hard	0.03771904110908508	0.7145793437957764	0.24770162999629974
1	195951	1	Hard	0.03171711787581444	0.7384205460548401	0.22986233234405518
1	196024	1	Hard	0.03200647607445717	0.7343941330909729	0.23359942436218262
1	196750	1	Hard	0.03475838154554367	0.7244942784309387	0.2407473623752594
1	196962	1	Hard	0.028800571337342262	0.7464474439620972	0.22475199401378632
1	197729	1	Hard	0.04688429459929466	0.7011883854866028	0.2519274055957794
1	198418	1	Hard	0.037346407771110535	0.7186269164085388	0.24402661621570587
1	198482	1	Hard	0.04879742115736008	0.695818305015564	0.25538432598114014
1	198887	1	Hard	0.05197475850582123	0.7010530829429626	0.24697211384773254
1	200592	1	Hard	0.1068781316280365	0.5558458566665649	0.3372759521007538
1	200855	1	Hard	0.11754331737756729	0.5713767409324646	0.3110799491405487
1	201043	1	Hard	0.06515359878540039	0.6590474843978882	0.27579888701438904
1	201132	1	Hard	0.10455308854579926	0.5922986268997192	0.30314821004867554
1	202236	1	Hard	0.041102372109889984	0.7246406674385071	0.23425692319869995
1	203620	1	Hard	0.04832166060805321	0.7046703100204468	0.24700799584388733
1	203756	1	Hard	0.109880231320858	0.5645396113395691	0.3255802392959595
1	204257	1	Hard	0.04329533874988556	0.7229973077774048	0.23370732367038727
1	204778	1	Hard	0.054613154381513596	0.6921030879020691	0.25328370928764343
1	204805	1	Hard	0.04737413302063942	0.7170270681381226	0.23559878766536713
1	204975	1	Hard	0.13774588704109192	0.5155730247497559	0.34668105840682983
1	205231	1	Hard	0.03535851091146469	0.7376700043678284	0.22697146236896515
1	205591	1	Hard	0.08253154903650284	0.6145150065422058	0.3029533922672272
1	205670	1	Hard	0.037622205913066864	0.727457582950592	0.2349202185869217
1	206427	1	Hard	0.06474962830543518	0.6508006453514099	0.28444966673851013
1	206616	1	Hard	0.03394906222820282	0.7423357963562012	0.2237151861190796
1	208227	1	Hard	0.04490235820412636	0.702570378780365	0.25252729654312134
1	208744	1	Hard	0.047390833497047424	0.6930326223373413	0.25957658886909485
1	208952	1	Hard	0.043252263218164444	0.6956232190132141	0.26112455129623413
1	209154	1	Hard	0.033227480947971344	0.7417063117027283	0.2250661998987198
1	210097	1	Hard	0.04613872617483139	0.6987669467926025	0.2550942301750183
1	210189	1	Soft	0.3023090362548828	0.16732051968574524	0.5303704738616943
1	210661	1	Soft	0.23959626257419586	0.29939478635787964	0.46100887656211853
1	211670	1	Soft	0.22418062388896942	0.33262550830841064	0.44319388270378113
1	211687	1	Soft	0.2220306098461151	0.34651896357536316	0.43145042657852173
1	212748	1	Soft	0.20869968831539154	0.30464696884155273	0.48665332794189453
1	213007	1	Soft	0.1873428374528885	0.32226741313934326	0.49038970470428467
1	213162	1	Hard	0.10605047643184662	0.5068233609199524	0.3871261775493622
1	213377	1	Hard	0.07810560613870621	0.5839632153511047	0.33793118596076965
1	213500	1	Hard	0.05330060049891472	0.6513746380805969	0.29532474279403687
1	213524	1	Soft	0.15625956654548645	0.41618645191192627	0.4275539219379425
1	213654	1	Hard	0.1009872779250145	0.5015238523483276	0.39748895168304443
1	213706	1	Hard	0.07851847261190414	0.5590211749076843	0.3624603748321533
1	213939	1	Hard	0.07894250750541687	0.5601863265037537	0.3608711361885071
1	213982	1	Hard	0.1537540704011917	0.43194279074668884	0.41430312395095825
1	214154	1	Hard	0.14572946727275848	0.44712191820144653	0.40714865922927856
1	214613	1	Hard	0.12064304202795029	0.4659325182437897	0.41342443227767944
1	215022	1	Hard	0.11004449427127838	0.4837664067745209	0.4061891436576843
1	215075	1	Hard	0.06940791010856628	0.5870336294174194	0.3435584604740143
1	215541	1	Hard	0.0772298276424408	0.5645578503608704	0.35821235179901123
1	215558	1	Hard	0.08396399021148682	0.6401833295822144	0.27585262060165405
1	215618	1	Hard	0.07815922796726227	0.6355324983596802	0.2863081991672516
1	216011	1	Hard	0.061165936291217804	0.6692532896995544	0.26958081126213074
1	216130	1	Hard	0.07429870963096619	0.6306548714637756	0.295046329498291
1	216163	1	Hard	0.08608323335647583	0.6153703331947327	0.2985464632511139
1	216927	1	Hard	0.09329057484865189	0.5901572108268738	0.31655219197273254
1	217573	1	Hard	0.14689314365386963	0.49241936206817627	0.3606874644756317
1	217827	1	Hard	0.05474802106618881	0.678229570388794	0.26702237129211426
1	218061	1	Hard	0.06422556191682816	0.6749895215034485	0.26078489422798157
1	218258	1	Hard	0.07634560018777847	0.6407585144042969	0.28289589285850525
1	218373	1	Hard	0.12091567367315292	0.525588870048523	0.3534954786300659
1	218418	1	Hard	0.07567168027162552	0.6549957990646362	0.26933249831199646
1	218443	1	Hard	0.09913557022809982	0.6097175478935242	0.2911468744277954
1	218586	1	Hard	0.07367121428251266	0.651207447052002	0.2751213014125824
1	219516	1	Hard	0.08716852217912674	0.6077036261558533	0.30512791872024536
1	220516	1	Hard	0.08277842402458191	0.6557720899581909	0.26144954562187195
1	221110	1	Hard	0.10263215750455856	0.5948836803436279	0.3024842143058777
1	221873	1	Hard	0.056157976388931274	0.692781925201416	0.2510601282119751
1	222296	1	Hard	0.08446919918060303	0.6438770294189453	0.2716537415981293
1	222444	1	Hard	0.07007386535406113	0.6641591787338257	0.26576700806617737
1	222576	1	Hard	0.06126401200890541	0.6834765076637268	0.2552594840526581
1	222766	1	Hard	0.12603218853473663	0.5571414828300476	0.31682634353637695
1	223593	1	Hard	0.10108137875795364	0.6068649291992188	0.2920536696910858
1	225060	1	Hard	0.08832911401987076	0.6111207008361816	0.3005501925945282
1	225084	1	Hard	0.05718609318137169	0.6904959678649902	0.2523178458213806
1	226017	1	Hard	0.05111650377511978	0.6868618726730347	0.2620216906070709
1	226588	1	Hard	0.050190359354019165	0.7040386199951172	0.24577106535434723
1	226706	1	Hard	0.0638834610581398	0.6674262285232544	0.268690288066864
1	228276	1	Hard	0.07926730811595917	0.6423008441925049	0.27843180298805237
1	228834	1	Hard	0.07470991462469101	0.6374618411064148	0.287828266620636
1	229070	1	Hard	0.07679127901792526	0.6637791991233826	0.25942954421043396
1	230201	1	Hard	0.10211607813835144	0.5864080786705017	0.31147581338882446
1	230405	1	Hard	0.058656755834817886	0.6862332820892334	0.2551100254058838
1	231798	1	Hard	0.0905618742108345	0.5966805219650269	0.31275758147239685
1	232097	1	Hard	0.12450481951236725	0.5227498412132263	0.35274532437324524
1	232526	1	Hard	0.10071077197790146	0.5997599363327026	0.2995292842388153
1	233397	1	Hard	0.036094967275857925	0.7397336959838867	0.22417142987251282
1	234918	1	Hard	0.04890859127044678	0.7126931548118591	0.23839831352233887
1	235599	1	Hard	0.05679871886968613	0.6627723574638367	0.2804288864135742
1	237609	1	Hard	0.06822378188371658	0.66179358959198	0.2699826955795288
1	238315	1	Hard	0.0542864054441452	0.685973584651947	0.2597399652004242
1	238354	1	Hard	0.04960675910115242	0.6975016593933105	0.2528916597366333
1	238929	1	Hard	0.057284824550151825	0.6823275089263916	0.26038768887519836
1	239884	1	Hard	0.03552740067243576	0.7382962107658386	0.2261763960123062
1	242533	1	Hard	0.0367433987557888	0.7419106364250183	0.2213459014892578
1	243021	1	Hard	0.06338133662939072	0.6633837223052979	0.27323490381240845
1	243472	1	Hard	0.05053192377090454	0.6996118426322937	0.24985620379447937
1	244901	1	Hard	0.03052791766822338	0.7558853030204773	0.21358686685562134
1	245281	1	Hard	0.04778578504920006	0.6992475986480713	0.2529665529727936
1	246111	1	Hard	0.031398821622133255	0.7519840598106384	0.2166171669960022
1	246211	1	Hard	0.03660833463072777	0.74065101146698	0.22274063527584076
1	246267	1	Hard	0.023474091663956642	0.7749770879745483	0.20154885947704315
1	246273	1	Hard	0.030851801857352257	0.7455741167068481	0.22357407212257385
1	249982	1	Hard	0.040041759610176086	0.7226682305335999	0.23728996515274048
1	249989	1	Hard	0.0587267205119133	0.671957790851593	0.26931554079055786
1	249991	1	Hard	0.046321604400873184	0.7024000883102417	0.251278281211853
1	250001	2	Hard	0.03885975852608681	0.7238292694091797	0.23731093108654022
1	250945	1	Hard	0.027651596814393997	0.7684761881828308	0.20387212932109833
1	251677	1	Hard	0.04556918516755104	0.6981908082962036	0.25624001026153564
1	251788	1	Hard	0.044090449810028076	0.7211909890174866	0.23471854627132416
1	253330	1	Hard	0.029111972078680992	0.7084775567054749	0.26241055130958557
1	253537	1	Hard	0.027670634910464287	0.7257366180419922	0.24659277498722076
1	253645	1	Hard	0.04371638223528862	0.6397910714149475	0.31649258732795715
1	253726	1	Hard	0.019655989482998848	0.7807114124298096	0.1996326744556427
1	254832	1	Hard	0.05136136710643768	0.6775529980659485	0.27108561992645264
1	254920	1	Hard	0.05088237673044205	0.6834283471107483	0.26568925380706787
1	256371	1	Hard	0.07160473614931107	0.6031734943389893	0.3252217769622803
1	256542	1	Hard	0.1151241734623909	0.6052846312522888	0.2795912027359009
1	256740	1	Hard	0.16971436142921448	0.5558054447174072	0.2744801938533783
1	257627	1	Hard	0.1862221360206604	0.5172936916351318	0.29648420214653015
1	257809	1	Neut	0.4262640178203583	0.30905261635780334	0.2646833658218384
1	257815	1	Hard	0.16657041013240814	0.5450975894927979	0.2883319556713104
1	258050	1	Hard	0.1409776508808136	0.5766780972480774	0.282344251871109
1	258618	1	Hard	0.27376967668533325	0.4440383017063141	0.28219202160835266
1	258772	1	Hard	0.25733181834220886	0.44026339054107666	0.3024047613143921
1	259256	1	Hard	0.24066074192523956	0.4567376375198364	0.3026016652584076
1	259441	1	Hard	0.2365431785583496	0.4616011381149292	0.3018556535243988
1	259494	1	Hard	0.16861692070960999	0.54121994972229	0.29016315937042236
1	260109	1	Hard	0.1817702203989029	0.5336984992027283	0.2845313549041748
1	260302	1	Hard	0.2902021110057831	0.4122527837753296	0.2975451350212097
1	260659	1	Hard	0.22830869257450104	0.47948724031448364	0.2922040522098541
1	260734	1	Hard	0.24547214806079865	0.4477561116218567	0.3067716956138611
1	262374	1	Hard	0.2929745316505432	0.4144785702228546	0.2925468683242798
1	262707	1	Neut	0.37947940826416016	0.3130752146244049	0.30744537711143494
1	262880	1	Neut	0.3779135048389435	0.3314037322998047	0.29068273305892944
1	264024	1	Hard	0.2322135716676712	0.4824082553386688	0.28537818789482117
1	264236	1	Neut	0.4146308898925781	0.32407253980636597	0.2612966299057007
1	264269	1	Hard	0.33905965089797974	0.38495591282844543	0.2759844958782196
1	265267	1	Hard	0.27813830971717834	0.4210752546787262	0.30078643560409546
1	265405	1	Neut	0.351095974445343	0.34485480189323425	0.3040493130683899
1	266046	1	Hard	0.09869948774576187	0.6307487487792969	0.2705517113208771
1	266317	1	Hard	0.13268932700157166	0.5706537365913391	0.29665684700012207
1	266421	1	Hard	0.2201431393623352	0.4883042573928833	0.2915525734424591
1	266488	1	Neut	0.37388092279434204	0.3254156708717346	0.30070340633392334
1	267305	1	Neut	0.3757820129394531	0.3426321744918823	0.28158581256866455
1	268917	1	Hard	0.29528480768203735	0.39776813983917236	0.3069469928741455
1	270076	1	Hard	0.29623284935951233	0.4022737443447113	0.301493376493454
1	270149	1	Neut	0.4569879472255707	0.281245619058609	0.2617664635181427
1	270466	1	Hard	0.2389148473739624	0.474656879901886	0.2864283323287964
1	272324	1	Neut	0.5290005803108215	0.18244405090808868	0.2885553240776062
1	272908	1	Neut	0.5983027219772339	0.12509648501873016	0.27660083770751953
1	273051	1	Neut	0.543653666973114	0.18478110432624817	0.27156519889831543
1	273055	1	Neut	0.6026651859283447	0.11448101699352264	0.2828538417816162
1	273541	1	Neut	0.6294081211090088	0.13395358622074127	0.23663827776908875
1	274175	1	Neut	0.5759093165397644	0.13563790917396545	0.28845274448394775
1	274485	1	Neut	0.666744589805603	0.10820526629686356	0.22505010664463043
1	275667	1	Neut	0.6879172921180725	0.10336236655712128	0.2087203413248062
1	276670	1	Neut	0.6329724788665771	0.10667713731527328	0.26035040616989136
1	278110	1	Neut	0.7228842973709106	0.09127605706453323	0.18583962321281433
1	279025	1	Neut	0.730521559715271	0.09109759330749512	0.17838087677955627
1	279048	1	Neut	0.7044966220855713	0.10749851167201996	0.18800494074821472
1	279336	1	Neut	0.6553941369056702	0.1025211289525032	0.24208469688892365
1	280485	1	Neut	0.6564845442771912	0.10885030776262283	0.23466520011425018
1	280613	1	Neut	0.6558529138565063	0.10787389427423477	0.2362731546163559
1	281289	1	Neut	0.6994535326957703	0.08998170495033264	0.2105647772550583
1	283986	1	Neut	0.61869877576828	0.11927593499422073	0.2620253264904022
1	284362	1	Neut	0.6006745100021362	0.11817071586847305	0.2811548113822937
1	284961	1	Neut	0.552208423614502	0.12790872156620026	0.3198828399181366
1	285092	1	Neut	0.6022102236747742	0.1305362731218338	0.267253577709198
1	285392	1	Soft	0.3771089017391205	0.077906034886837	0.5449851155281067
1	285769	1	Soft	0.33282363414764404	0.083371601998806	0.583804726600647
1	285826	1	Soft	0.3645605742931366	0.09715019166469574	0.5382892489433289
1	286387	1	Soft	0.4070214331150055	0.09127740561962128	0.5017011165618896
1	286564	1	Soft	0.40830060839653015	0.08335321396589279	0.5083462595939636
1	286934	1	Soft	0.41451695561408997	0.09092170000076294	0.4945612847805023
1	287079	1	Soft	0.3951430916786194	0.09527797996997833	0.5095788836479187
1	287210	1	Soft	0.40517839789390564	0.09066764265298843	0.5041539669036865
1	287821	1	Soft	0.4030025601387024	0.10868106037378311	0.4883164167404175
1	288450	1	Neut	0.4832310080528259	0.1299731582403183	0.38679584860801697
1	288623	1	Neut	0.5469772219657898	0.10740020126104355	0.34562262892723083
1	288652	1	Neut	0.5137879252433777	0.11789079010486603	0.36832132935523987
1	289177	1	Neut	0.4627552628517151	0.12347523123025894	0.41376957297325134
1	290834	1	Neut	0.49573105573654175	0.12043999135494232	0.3838290572166443
1	290857	1	Neut	0.43909478187561035	0.1288406401872635	0.43206462264060974
1	290911	1	Neut	0.4895012378692627	0.11537013947963715	0.39512869715690613
1	292197	1	Neut	0.6360228657722473	0.10872477293014526	0.2552523910999298
1	292800	1	Neut	0.5805336833000183	0.13011610507965088	0.289350301027298
1	292822	1	Neut	0.5866438150405884	0.1234569251537323	0.28989920020103455
1	293286	1	Neut	0.608163058757782	0.12241964042186737	0.26941734552383423
1	294332	1	Neut	0.6019319295883179	0.1194300502538681	0.27863794565200806
1	294930	1	Neut	0.5918030142784119	0.1252862811088562	0.28291067481040955
1	295525	1	Neut	0.6094788908958435	0.11819349229335785	0.27232760190963745
1	295931	1	Neut	0.6403091549873352	0.11380166560411453	0.24588918685913086
1	295945	1	Neut	0.3706118166446686	0.3536873161792755	0.2757008969783783
1	296230	1	Neut	0.4080463647842407	0.31143152713775635	0.2805221676826477
1	297227	1	Neut	0.48105818033218384	0.26572713255882263	0.2532147169113159
1	297588	1	Neut	0.371304452419281	0.3598930835723877	0.2688024938106537
1	297747	1	Hard	0.23806126415729523	0.4705902338027954	0.29134854674339294
1	298197	1	Neut	0.5292707085609436	0.23203876614570618	0.2386905997991562
1	298328	1	Neut	0.47417205572128296	0.2616482079029083	0.2641797661781311
1	298611	1	Neut	0.5482659935951233	0.2183533012866974	0.2333807349205017
1	298894	1	Neut	0.4234028160572052	0.2656843662261963	0.3109128475189209
1	299589	1	Neut	0.44231802225112915	0.28895437717437744	0.2687276601791382
1	299847	1	Soft	0.293613076210022	0.2149926871061325	0.49139419198036194
1	300291	1	Soft	0.32377347350120544	0.15039683878421783	0.5258297324180603
1	300527	1	Soft	0.28707972168922424	0.17336690425872803	0.5395534038543701
1	301966	1	Soft	0.301641583442688	0.1485382616519928	0.5498201251029968
1	302364	1	Soft	0.28115832805633545	0.12447593361139297	0.5943657159805298
1	302852	1	Soft	0.3496846556663513	0.11068867146968842	0.5396266579627991
1	304057	1	Neut	0.5831514000892639	0.10039304941892624	0.31645551323890686
1	304866	1	Neut	0.5370965003967285	0.10434082895517349	0.358562707901001
1	304958	1	Neut	0.5814945101737976	0.09616269171237946	0.32234278321266174
1	305683	1	Neut	0.5762768387794495	0.10351477563381195	0.32020846009254456
1	305900	1	Neut	0.5760251879692078	0.1038958802819252	0.32007893919944763
1	305981	1	Neut	0.5896006226539612	0.09755219519138336	0.3128471076488495
1	306697	1	Neut	0.547886073589325	0.09690485894680023	0.3552091121673584
1	306714	1	Neut	0.5935183763504028	0.10974252223968506	0.2967391908168793
1	306834	1	Neut	0.5737259984016418	0.0960976779460907	0.33017632365226746
1	308152	1	Hard	0.2339811772108078	0.45594409108161926	0.31007471680641174
1	308970	1	Hard	0.15468557178974152	0.5598053336143494	0.2855090796947479
1	310145	1	Hard	0.27453964948654175	0.4241369068622589	0.3013233542442322
1	310313	1	Hard	0.2297031581401825	0.4832690954208374	0.2870277464389801
1	311657	1	Hard	0.2705797255039215	0.4269016981124878	0.3025186061859131
1	312052	1	Hard	0.3039756417274475	0.41274407505989075	0.28328031301498413
1	312244	1	Hard	0.2636907696723938	0.442554771900177	0.2937544584274292
1	312660	1	Hard	0.348611980676651	0.35796499252319336	0.2934230864048004
1	312708	1	Neut	0.38603028655052185	0.32142388820648193	0.292545884847641
1	313129	1	Hard	0.20772014558315277	0.5116859674453735	0.2805938422679901
1	313288	1	Neut	0.402937650680542	0.30517205595970154	0.29189029335975647
1	313675	1	Hard	0.28270578384399414	0.41493919491767883	0.3023551404476166
1	314991	1	Neut	0.4133801758289337	0.24502336978912354	0.3415965139865875
1	315171	1	Neut	0.36669814586639404	0.3258655071258545	0.30743634700775146
1	315572	1	Neut	0.553253710269928	0.19113928079605103	0.2556069493293762
1	315764	1	Neut	0.4650406539440155	0.2201007902622223	0.3148585557937622
1	315878	1	Neut	0.5557028651237488	0.15195254981517792	0.2923446595668793
1	315904	1	Neut	0.5704363584518433	0.1674203723669052	0.26214319467544556
1	318893	1	Neut	0.5837275385856628	0.14040400087833405	0.27586841583251953
1	319124	1	Neut	0.576230525970459	0.14864887297153473	0.2751205861568451
1	320474	1	Neut	0.5550941824913025	0.18590816855430603	0.25899767875671387
1	320633	1	Neut	0.3648652136325836	0.35476154088974	0.280373215675354
1	320847	1	Neut	0.5668545365333557	0.14949214458465576	0.2836534082889557
1	320940	1	Neut	0.5027118921279907	0.19106478989124298	0.3062232434749603
1	321068	1	Neut	0.5260522961616516	0.23407217860221863	0.23987552523612976
1	321105	1	Neut	0.5569961071014404	0.1566942036151886	0.28630971908569336
1	322163	1	Neut	0.4526267647743225	0.27305924892425537	0.27431392669677734
1	323173	1	Hard	0.3570917546749115	0.3678193688392639	0.2750888466835022
1	323549	1	Neut	0.4640595018863678	0.21345245838165283	0.32248803973197937
1	324032	1	Neut	0.45898279547691345	0.23213903605937958	0.30887821316719055
1	324440	1	Neut	0.5207341313362122	0.20709888637065887	0.27216699719429016
1	326485	1	Neut	0.3972060978412628	0.32441654801368713	0.2783772945404053
1	326512	1	Hard	0.29352161288261414	0.4084852933883667	0.2979932129383087
1	327430	1	Hard	0.2733783721923828	0.37664565443992615	0.3499760329723358
1	329416	1	Neut	0.5513467788696289	0.16061511635780334	0.28803810477256775
1	330381	1	Neut	0.5915104150772095	0.09991515427827835	0.3085744380950928
1	330842	1	Neut	0.6567401885986328	0.09640295058488846	0.2468569278717041
1	331854	1	Neut	0.577911913394928	0.11513390392065048	0.30695417523384094
1	332414	1	Neut	0.6527307033538818	0.08940436691045761	0.2578648626804352
1	333491	1	Neut	0.6061487197875977	0.10207922011613846	0.2917720675468445
1	333756	1	Neut	0.7197854518890381	0.08264484256505966	0.19756969809532166
1	334345	1	Neut	0.7375698089599609	0.08237314969301224	0.18005704879760742
1	334353	1	Neut	0.712462306022644	0.10009754449129105	0.18744021654129028
1	334542	1	Neut	0.714600145816803	0.10243717581033707	0.18296273052692413
1	334942	1	Neut	0.7156121730804443	0.11010801792144775	0.1742798388004303
1	335618	1	Neut	0.6629242300987244	0.12313954532146454	0.21393626928329468
1	336225	1	Neut	0.6789458394050598	0.11252907663583755	0.20852510631084442
1	336231	1	Neut	0.6922990083694458	0.10565154999494553	0.20204946398735046
1	336267	1	Neut	0.7596935033798218	0.0855831727385521	0.15472327172756195
1	336449	1	Neut	0.6100111603736877	0.128505676984787	0.26148319244384766
1	337056	1	Neut	0.6649987697601318	0.11449934542179108	0.2205018252134323
1	337565	1	Neut	0.7501081824302673	0.08983597159385681	0.16005592048168182
1	338312	1	Neut	0.5184901356697083	0.1158362627029419	0.365673691034317
1	339413	1	Neut	0.43505316972732544	0.13000424206256866	0.4349426031112671
1	340264	1	Soft	0.38034266233444214	0.1368148922920227	0.4828423857688904
1	340293	1	Soft	0.4133312404155731	0.14836648106575012	0.43830230832099915
1	340318	1	Soft	0.4137018620967865	0.1341339498758316	0.45216408371925354
1	340439	1	Soft	0.41994741559028625	0.13463295996189117	0.4454196095466614
1	340536	1	Neut	0.452902615070343	0.1323842853307724	0.4147130846977234
1	340749	1	Neut	0.7198802828788757	0.10193431377410889	0.17818543314933777
1	341249	1	Neut	0.7270125150680542	0.09393667429685593	0.17905080318450928
1	341425	1	Neut	0.7223970890045166	0.10344036668539047	0.17416247725486755
1	342022	1	Neut	0.7628365755081177	0.08362602442502975	0.15353736281394958
1	342741	1	Neut	0.6780256628990173	0.11640650033950806	0.20556780695915222
1	344730	1	Neut	0.6649283170700073	0.12683814764022827	0.2082335501909256
1	345765	1	Neut	0.7438202500343323	0.09163053333759308	0.16454917192459106
1	346443	1	Neut	0.6822651028633118	0.10976278781890869	0.20797210931777954
1	346507	1	Soft	0.2850140631198883	0.1363445222377777	0.5786413550376892
1	346937	1	Soft	0.31199702620506287	0.1154467910528183	0.57255619764328
1	346959	1	Soft	0.2551669776439667	0.14094527065753937	0.6038877964019775
1	347141	1	Soft	0.3080193102359772	0.11311650276184082	0.5788641571998596
1	347226	1	Soft	0.29725155234336853	0.12570498883724213	0.5770434141159058
1	347320	1	Soft	0.197842538356781	0.09352082014083862	0.7086366415023804
1	347866	1	Soft	0.21826879680156708	0.08543824404478073	0.6962929964065552
1	347889	1	Soft	0.21623821556568146	0.08617380261421204	0.6975879669189453
1	348342	1	Soft	0.16950932145118713	0.07671426236629486	0.753776490688324
1	348531	1	Soft	0.23344580829143524	0.06352163851261139	0.7030326128005981
1	348665	1	Soft	0.22964128851890564	0.06221986934542656	0.7081388831138611
1	350402	1	Soft	0.2133101373910904	0.08957478404045105	0.6971150636672974
1	351311	1	Soft	0.16204479336738586	0.12238409370183945	0.7155711054801941
1	351740	1	Soft	0.18390193581581116	0.11754651367664337	0.6985515356063843
1	352133	1	Soft	0.20141170918941498	0.12944769859313965	0.6691405177116394
1	352327	1	Soft	0.21324531733989716	0.13505733013153076	0.6516973376274109
1	352421	1	Soft	0.225437730550766	0.1397484689950943	0.6348138451576233
1	353782	1	Soft	0.26056361198425293	0.12939579784870148	0.6100406050682068
1	354178	1	Soft	0.25107046961784363	0.13980314135551453	0.6091263890266418
1	354437	1	Soft	0.22348864376544952	0.15537624061107635	0.6211351156234741
1	354534	1	Soft	0.22657719254493713	0.14284543693065643	0.6305774450302124
1	355744	1	Soft	0.24902312457561493	0.14430034160614014	0.6066765189170837
1	356909	1	Soft	0.14368778467178345	0.1841655969619751	0.6721466779708862
1	357251	1	Soft	0.1445198357105255	0.16365326941013336	0.6918268203735352
1	357713	1	Soft	0.15860801935195923	0.16624972224235535	0.6751422882080078
1	357931	1	Soft	0.1435505449771881	0.1847105175256729	0.671738862991333
1	358133	1	Soft	0.15141929686069489	0.15658637881278992	0.6919943690299988
1	358346	1	Soft	0.1755751073360443	0.1603945642709732	0.6640303134918213
1	359101	1	Soft	0.18491408228874207	0.15141044557094574	0.6636754870414734
1	360316	1	Soft	0.18855217099189758	0.14046868681907654	0.6709791421890259
1	360569	1	Soft	0.15030543506145477	0.17649610340595245	0.6731985211372375
1	361049	1	Soft	0.18557819724082947	0.14143221080303192	0.6729896068572998
1	362365	1	Soft	0.17060311138629913	0.1561928391456604	0.6732040047645569
1	363163	1	Soft	0.14178621768951416	0.17005419731140137	0.6881596446037292
1	363232	1	Soft	0.1597980111837387	0.14758747816085815	0.6926145553588867
1	363300	1	Soft	0.1459725946187973	0.17717693746089935	0.6768504977226257
1	364572	1	Soft	0.1885266900062561	0.14399316906929016	0.6674801111221313
1	366690	1	Soft	0.1988334059715271	0.12804889678955078	0.6731176972389221
1	367089	1	Soft	0.22049109637737274	0.13240684568881989	0.6471020579338074
1	367335	1	Soft	0.20196394622325897	0.12779690325260162	0.6702391505241394
1	367724	1	Soft	0.22290070354938507	0.12087032943964005	0.6562290191650391
1	368075	1	Soft	0.19745180010795593	0.1703263223171234	0.6322219371795654
1	368828	1	Soft	0.14254023134708405	0.24650579690933228	0.6109539866447449
1	368837	1	Soft	0.14709524810314178	0.20175515115261078	0.6511496305465698
1	368865	1	Soft	0.14991974830627441	0.20038950443267822	0.6496907472610474
1	369364	1	Soft	0.1739244908094406	0.20266957581043243	0.6234059929847717
1	369729	1	Soft	0.2348494827747345	0.17859415709972382	0.5865563750267029
1	369953	1	Soft	0.2896476984024048	0.17038142681121826	0.5399709343910217
1	369957	1	Soft	0.2588493824005127	0.16986393928527832	0.5712867379188538
1	370281	1	Soft	0.22187502682209015	0.18921156227588654	0.5889133810997009
1	370313	1	Soft	0.29312464594841003	0.14991046488285065	0.5569649338722229
1	370964	1	Soft	0.21869821846485138	0.18432262539863586	0.5969791412353516
1	371576	1	Soft	0.27186548709869385	0.15679113566875458	0.5713433623313904
1	371845	1	Soft	0.2760392725467682	0.16292621195316315	0.5610345005989075
1	371884	1	Soft	0.2440720796585083	0.173090860247612	0.5828371047973633
1	372063	1	Soft	0.20997925102710724	0.1869453340768814	0.6030754446983337
1	372572	1	Soft	0.2952214479446411	0.1451151818037033	0.5596633553504944
1	372978	1	Soft	0.21909791231155396	0.17774035036563873	0.6031617522239685
1	374856	1	Soft	0.18963895738124847	0.18515831232070923	0.6252027750015259
1	375233	1	Soft	0.2459949404001236	0.15499453246593475	0.5990105867385864
1	376749	1	Soft	0.24390676617622375	0.16412580013275146	0.5919674634933472
1	376909	1	Soft	0.31376975774765015	0.14022323489189148	0.546006977558136
1	377275	1	Soft	0.19265565276145935	0.1965763419866562	0.6107679605484009
1	377613	1	Neut	0.6049575805664062	0.16914278268814087	0.22589966654777527
1	377842	1	Neut	0.6427702307701111	0.16066204011440277	0.19656766951084137
1	378736	1	Neut	0.6217147707939148	0.1597621738910675	0.2185230553150177
1	378769	1	Soft	0.219010129570961	0.10836511105298996	0.6726247668266296
1	379201	1	Soft	0.20020368695259094	0.11439421027898788	0.6854021549224854
1	379208	1	Soft	0.33377212285995483	0.08673553168773651	0.5794923901557922
1	380122	1	Soft	0.2929042875766754	0.08402828127145767	0.6230673789978027
1	380433	1	Soft	0.2907877564430237	0.09390620142221451	0.6153059601783752
1	380597	1	Soft	0.26405155658721924	0.09254535287618637	0.6434030532836914
1	380604	1	Soft	0.2979133129119873	0.09530899673700333	0.6067776679992676
1	380834	1	Soft	0.26605457067489624	0.09131976962089539	0.6426256895065308
1	380905	1	Soft	0.284375935792923	0.10048606991767883	0.6151379346847534
1	381291	1	Soft	0.2753998637199402	0.09192514419555664	0.6326749920845032
1	381372	1	Soft	0.2061748504638672	0.36498138308525085	0.42884376645088196
1	381902	1	Hard	0.12767238914966583	0.5051782727241516	0.3671494126319885
1	382167	1	Soft	0.32609322667121887	0.27972686290740967	0.39417994022369385
1	382375	1	Soft	0.20035545527935028	0.32965657114982605	0.46998798847198486
1	382498	1	Hard	0.13870862126350403	0.44018855690956116	0.4211028218269348
1	382574	1	Soft	0.2341970056295395	0.23238535225391388	0.5334176421165466
1	382583	1	Hard	0.11792754381895065	0.5151968598365784	0.3668755888938904
1	382658	1	Neut	0.5704379081726074	0.10777071118354797	0.3217913806438446
1	383030	1	Neut	0.5146939158439636	0.1111016497015953	0.3742044270038605
1	383338	1	Neut	0.5925570130348206	0.09096025675535202	0.3164827525615692
1	384325	1	Neut	0.45907023549079895	0.09807394444942474	0.4428558051586151
1	384482	1	Neut	0.5074272751808167	0.104714535176754	0.38785821199417114
1	385458	1	Neut	0.5487397909164429	0.10542233288288116	0.34583780169487
1	385721	1	Neut	0.5029069781303406	0.09344358742237091	0.4036494791507721
1	387312	1	Neut	0.6774531602859497	0.10278302431106567	0.21976375579833984
1	387345	1	Neut	0.6574216485023499	0.1043199747800827	0.2382584512233734
1	388404	1	Neut	0.6889952421188354	0.09986376017332077	0.21114103496074677
1	388500	1	Neut	0.6427752375602722	0.11706044524908066	0.24016426503658295
1	388597	1	Neut	0.6638402938842773	0.10559700429439545	0.2305627167224884
1	388659	1	Neut	0.6723393797874451	0.09846325218677521	0.22919736802577972
1	389025	1	Neut	0.6608470678329468	0.0971236601471901	0.24202927947044373
1	389061	1	Neut	0.5949011445045471	0.12377017736434937	0.2813287079334259
1	389547	1	Neut	0.6934100985527039	0.10108473151922226	0.2055051177740097
1	389635	1	Neut	0.7317437529563904	0.08963309973478317	0.17862313985824585
1	389855	1	Neut	0.6956828832626343	0.10185780376195908	0.20245927572250366
1	389918	1	Neut	0.7298025488853455	0.09339068830013275	0.1768067628145218
1	390083	1	Neut	0.6869953274726868	0.10167016834020615	0.2113344967365265
1	390420	1	Neut	0.7444763779640198	0.08555199205875397	0.16997164487838745
1	391705	1	Hard	0.0811297819018364	0.648468017578125	0.2704022228717804
1	392479	1	Hard	0.1266532838344574	0.5708486437797546	0.30249810218811035
1	392933	1	Neut	0.7257710099220276	0.08496110886335373	0.18926787376403809
1	393154	1	Neut	0.7193731665611267	0.09057532995939255	0.19005149602890015
1	393697	1	Neut	0.723578155040741	0.08852525055408478	0.18789659440517426
1	394496	1	Neut	0.7275670766830444	0.08918023854494095	0.18325267732143402
1	394548	1	Neut	0.7312020063400269	0.0827057808637619	0.1860922873020172
1	394769	1	Neut	0.7053157687187195	0.09029063582420349	0.20439362525939941
1	394887	1	Neut	0.6931284666061401	0.09775645285844803	0.20911507308483124
1	395015	1	Neut	0.769913911819458	0.06952959299087524	0.16055640578269958
1	395394	1	Neut	0.7374169230461121	0.08258943259716034	0.17999356985092163
1	395471	1	Neut	0.7104614973068237	0.09197959303855896	0.19755887985229492
1	395592	1	Neut	0.7471502423286438	0.07747860252857208	0.17537106573581696
1	397318	1	Neut	0.758024275302887	0.07640201598405838	0.16557373106479645
1	397346	1	Neut	0.7951927185058594	0.063937708735466	0.14086957275867462
1	397526	1	Neut	0.7283102869987488	0.08409122377634048	0.18759840726852417
1	397640	1	Hard	0.2677462100982666	0.44388848543167114	0.28836530447006226
1	397659	1	Hard	0.1822233349084854	0.5415951013565063	0.27618157863616943
1	397750	1	Hard	0.31328609585762024	0.40177249908447266	0.2849414348602295
1	398575	1	Hard	0.32068732380867004	0.389806866645813	0.2895057499408722
1	400448	1	Hard	0.209884911775589	0.5086946487426758	0.2814204692840576
1	400802	1	Neut	0.3681240975856781	0.3590410649776459	0.272834837436676
1	400933	1	Hard	0.19188307225704193	0.5244572162628174	0.28365981578826904
1	401013	1	Hard	0.33834773302078247	0.3744266629219055	0.2872255742549896
1	401477	1	Hard	0.2416023463010788	0.45555707812309265	0.30284062027931213
1	401547	1	Hard	0.22629137337207794	0.4698290526866913	0.3038795292377472
1	402154	1	Neut	0.5415489673614502	0.20574863255023956	0.25270241498947144
1	402600	1	Hard	0.3367345631122589	0.3788057565689087	0.2844597399234772
1	403779	1	Hard	0.2198251187801361	0.48881858587265015	0.29135626554489136
1	403847	1	Neut	0.4705176055431366	0.27866917848587036	0.2508133053779602
1	404708	1	Hard	0.286308616399765	0.42960411310195923	0.284087210893631
1	405619	1	Neut	0.7511010766029358	0.0851822942495346	0.16371656954288483
1	407135	1	Neut	0.7640867233276367	0.08112677931785583	0.15478645265102386
1	408131	1	Neut	0.7424024343490601	0.0878559872508049	0.16974149644374847
1	408207	1	Neut	0.738997757434845	0.08585401624441147	0.17514827847480774
1	408482	1	Neut	0.7522487640380859	0.08498448878526688	0.1627667099237442
1	408629	1	Neut	0.7215421199798584	0.09593825787305832	0.18251967430114746
1	409216	1	Neut	0.7281074523925781	0.0924544632434845	0.17943809926509857
1	410506	1	Neut	0.7412577867507935	0.08824652433395386	0.17049579322338104
1	410731	1	Neut	0.7159063220024109	0.09556397795677185	0.18852968513965607
1	410853	1	Neut	0.6734631061553955	0.10147293657064438	0.22506390511989594
1	410902	1	Neut	0.6606323719024658	0.10271459072828293	0.23665307462215424
1	410976	1	Neut	0.6660515666007996	0.09556089341640472	0.23838751018047333
1	411088	1	Neut	0.6518967747688293	0.10632001608610153	0.24178318679332733
1	411804	1	Neut	0.6160883903503418	0.1683775931596756	0.2155340015888214
1	412705	1	Neut	0.6432753801345825	0.1551448404788971	0.20157983899116516
1	412788	1	Neut	0.6936990022659302	0.12458688020706177	0.18171413242816925
1	413242	1	Neut	0.7078799605369568	0.08487211167812347	0.20724792778491974
1	413944	1	Neut	0.7012680768966675	0.10652045160531998	0.19221143424510956
1	414105	1	Neut	0.7032967805862427	0.1131976842880249	0.1835055649280548
1	415242	1	Neut	0.6723341941833496	0.1134234070777893	0.21424242854118347
1	416381	1	Neut	0.6896341443061829	0.10835575312376022	0.20201018452644348
1	417014	1	Neut	0.7330601215362549	0.09872232377529144	0.1682175099849701
1	417298	1	Neut	0.6807600855827332	0.11963672190904617	0.19960327446460724
1	417502	1	Neut	0.7038622498512268	0.10879006236791611	0.18734772503376007
1	419288	1	Neut	0.7065252065658569	0.1127706915140152	0.18070410192012787
1	421150	1	Neut	0.7104476094245911	0.10866831243038177	0.18088407814502716
1	421566	1	Neut	0.6820460557937622	0.1161748468875885	0.2017790675163269
1	421614	1	Neut	0.6616507768630981	0.13032981753349304	0.20801934599876404
1	421812	1	Neut	0.6524195075035095	0.12305973470211029	0.22452077269554138
1	425736	1	Neut	0.6616612672805786	0.12853354215621948	0.20980523526668549
1	426154	1	Neut	0.6697632074356079	0.12005042284727097	0.21018637716770172
1	426237	1	Neut	0.6902165412902832	0.11645669490098953	0.19332677125930786
1	426713	1	Neut	0.6748433709144592	0.11593256145715714	0.209224134683609
1	428389	1	Neut	0.6753318905830383	0.11685913056135178	0.2078089416027069
1	429291	1	Neut	0.6901373267173767	0.11407332867383957	0.1957893669605255
1	431582	1	Neut	0.682767927646637	0.11150871217250824	0.20572341978549957
1	432033	1	Neut	0.6765348315238953	0.11471769213676453	0.20874740183353424
1	432111	1	Neut	0.7095363140106201	0.10380730777978897	0.18665637075901031
1	432171	1	Neut	0.6951076984405518	0.11284645646810532	0.19204579293727875
1	432377	1	Neut	0.6753222346305847	0.11881552636623383	0.20586232841014862
1	432793	1	Neut	0.6459866762161255	0.13033196330070496	0.22368130087852478
1	433030	1	Neut	0.6648784875869751	0.12967438995838165	0.20544712245464325
1	433491	1	Neut	0.6521669030189514	0.1414063721895218	0.20642660558223724
1	433582	1	Neut	0.6860432028770447	0.11617489159107208	0.19778196513652802
1	433670	1	Neut	0.6644660234451294	0.12366926670074463	0.21186472475528717
1	434896	1	Neut	0.6709702014923096	0.11733647435903549	0.21169331669807434
1	435781	1	Neut	0.643873393535614	0.1327432543039322	0.22338330745697021
1	435930	1	Neut	0.725006639957428	0.09650368243455887	0.17848974466323853
1	437724	1	Neut	0.6862524747848511	0.1200605034828186	0.19368702173233032
1	438257	1	Neut	0.6210982799530029	0.13842061161994934	0.24048112332820892
1	438916	1	Neut	0.661176323890686	0.13217394053936005	0.20664966106414795
1	438918	1	Hard	0.24146275222301483	0.46942654252052307	0.28911077976226807
1	439291	1	Hard	0.18001683056354523	0.5228573679924011	0.2971257269382477
1	439558	1	Neut	0.3426095247268677	0.3385888636112213	0.3188016414642334
1	439803	1	Hard	0.2969432473182678	0.4123482406139374	0.2907085716724396
1	440203	1	Hard	0.24406327307224274	0.46046361327171326	0.29547318816185
1	440413	1	Hard	0.28952622413635254	0.40830686688423157	0.30216696858406067
1	440418	1	Hard	0.2506060302257538	0.45857030153274536	0.29082366824150085
1	441308	1	Hard	0.3415294885635376	0.37772712111473083	0.2807433605194092
1	441613	1	Hard	0.28613051772117615	0.42353445291519165	0.2903350293636322
1	441662	1	Hard	0.24417640268802643	0.4501131772994995	0.3057103455066681
1	441679	1	Hard	0.17808395624160767	0.5339692234992981	0.28794679045677185
1	441693	1	Hard	0.33032768964767456	0.36618363857269287	0.30348876118659973
1	441887	1	Hard	0.24846374988555908	0.45911139249801636	0.29242491722106934
1	442422	1	Hard	0.28420490026474	0.4223847985267639	0.2934102416038513
1	443061	1	Hard	0.1445603221654892	0.5511506199836731	0.3042891323566437
1	444344	1	Hard	0.21122722327709198	0.47701022028923035	0.31176260113716125
1	444393	1	Hard	0.19349464774131775	0.5164332985877991	0.2900720238685608
1	444701	1	Hard	0.16176564991474152	0.5444712042808533	0.2937631607055664
1	444819	1	Hard	0.19160370528697968	0.5165519714355469	0.2918442487716675
1	445016	1	Neut	0.4349416494369507	0.29592281579971313	0.26913556456565857
1	445252	1	Neut	0.4287934899330139	0.2953665554523468	0.2758399546146393
1	445341	1	Neut	0.561709463596344	0.19209623336791992	0.24619433283805847
1	445840	1	Neut	0.4770411252975464	0.2563191056251526	0.26663970947265625
1	445959	1	Neut	0.5107953548431396	0.24017582833766937	0.24902881681919098
1	446060	1	Neut	0.583990216255188	0.19170404970645905	0.22430573403835297
1	446129	1	Neut	0.6213955283164978	0.14498718082904816	0.23361726105213165
1	446617	1	Neut	0.40535807609558105	0.33211708068847656	0.2625247836112976
1	446899	1	Neut	0.3620968759059906	0.35276809334754944	0.28513506054878235
1	447254	1	Neut	0.4612230658531189	0.2591606676578522	0.27961626648902893
1	447481	1	Hard	0.28412121534347534	0.40971675515174866	0.3061619997024536
1	448846	1	Hard	0.2487577348947525	0.45778489112854004	0.29345735907554626
1	449428	1	Hard	0.29210346937179565	0.3632831573486328	0.3446134030818939
1	449645	1	Neut	0.41036367416381836	0.286214679479599	0.3034217059612274
1	449858	1	Neut	0.3546728193759918	0.3202515244483948	0.3250757157802582
1	449870	1	Hard	0.20434454083442688	0.4802148938179016	0.3154405653476715
1	450231	1	Neut	0.40915918350219727	0.2878749966621399	0.30296579003334045
1	453097	1	Hard	0.2906072735786438	0.393271267414093	0.31612154841423035
1	453289	1	Hard	0.32390356063842773	0.37947049736976624	0.2966260015964508
1	453615	1	Hard	0.2614622414112091	0.4367220997810364	0.3018156588077545
1	453837	1	Neut	0.3542364537715912	0.33053335547447205	0.3152301609516144
1	454659	1	Hard	0.11487787961959839	0.5975996851921082	0.28752243518829346
1	455894	1	Hard	0.14097680151462555	0.55629563331604	0.3027275502681732
1	456545	1	Hard	0.17348358035087585	0.5347794890403748	0.2917369604110718
1	456772	1	Hard	0.2692115306854248	0.4383314251899719	0.29245704412460327
1	456980	1	Hard	0.16263458132743835	0.5347010493278503	0.3026643395423889
1	457001	1	Hard	0.2997652590274811	0.4080357849597931	0.29219892621040344
1	457229	1	Hard	0.15176273882389069	0.5426043272018433	0.30563291907310486
1	457396	1	Hard	0.2559852600097656	0.4388457238674164	0.3051690459251404
1	458361	1	Neut	0.3701184391975403	0.3437642455101013	0.2861172556877136
1	458561	1	Hard	0.34104079008102417	0.3565497100353241	0.30240944027900696
1	458848	1	Hard	0.29974937438964844	0.38909927010536194	0.311151385307312
1	459447	1	Neut	0.43489375710487366	0.2920636832714081	0.27304255962371826
1	459824	1	Hard	0.24809913337230682	0.4521532654762268	0.2997475564479828
1	460076	1	Hard	0.12957921624183655	0.574741005897522	0.2956797778606415
1	460167	1	Neut	0.48662737011909485	0.26729169487953186	0.24608099460601807
1	460586	1	Neut	0.4968404769897461	0.25422751903533936	0.24893200397491455
1	461284	1	Neut	0.5157322883605957	0.23989635705947876	0.24437139928340912
1	461822	1	Neut	0.47019046545028687	0.2790062725543976	0.25080326199531555
1	461905	1	Neut	0.5205333232879639	0.24035322666168213	0.2391134649515152
1	462511	1	Neut	0.6074854135513306	0.17891712486743927	0.21359752118587494
1	462622	1	Neut	0.5898777842521667	0.18924805521965027	0.2208741456270218
1	463201	1	Neut	0.6947301626205444	0.11841981112957001	0.18685002624988556
1	463490	1	Neut	0.4328916072845459	0.3028143048286438	0.2642941176891327
1	463777	1	Hard	0.29860761761665344	0.4223517179489136	0.279040664434433
1	463947	1	Neut	0.5447900891304016	0.23164397478103638	0.2235659807920456
1	464358	1	Neut	0.6079182624816895	0.1825934499502182	0.20948831737041473
1	465501	1	Neut	0.577126145362854	0.20084840059280396	0.22202546894550323
1	465946	1	Neut	0.5512957572937012	0.2171398401260376	0.23156441748142242
1	466854	1	Neut	0.6349784135818481	0.1541786938905716	0.21084295213222504
1	467249	1	Neut	0.43313294649124146	0.3093750476837158	0.25749197602272034
1	467454	1	Neut	0.5315176844596863	0.23575851321220398	0.23272371292114258
1	467521	1	Neut	0.5027878880500793	0.2585262060165405	0.23868592083454132
1	467756	1	Neut	0.5308845043182373	0.23624365031719208	0.2328718602657318
1	469407	1	Neut	0.49805009365081787	0.260235071182251	0.2417147308588028
1	469814	1	Neut	0.6261453032493591	0.16838747262954712	0.20546717941761017
1	470080	1	Neut	0.4109572768211365	0.33247268199920654	0.256570041179657
1	470390	1	Neut	0.4244541525840759	0.30776554346084595	0.26778027415275574
1	470962	1	Neut	0.5740676522254944	0.19411197304725647	0.23182037472724915
1	471434	1	Neut	0.4249313473701477	0.31728917360305786	0.2577795088291168
1	472230	1	Hard	0.29933029413223267	0.4271879494190216	0.27348169684410095
1	472891	1	Neut	0.6852455139160156	0.12017790973186493	0.19457648694515228
1	473031	1	Neut	0.5996831655502319	0.1788589358329773	0.22145792841911316
1	473276	1	Neut	0.4587860703468323	0.2912779152393341	0.24993598461151123
1	473629	1	Neut	0.6975421905517578	0.11905399709939957	0.18340381979942322
1	474475	1	Neut	0.5393930077552795	0.1943884640932083	0.2662185728549957
1	474480	1	Neut	0.5916478633880615	0.16249115765094757	0.2458610087633133
1	474581	1	Neut	0.603691816329956	0.1747799813747406	0.22152820229530334
1	474883	1	Neut	0.5515927672386169	0.21641463041305542	0.23199257254600525
1	476044	1	Neut	0.4798070192337036	0.2391587346792221	0.28103432059288025
1	476129	1	Neut	0.6246660351753235	0.15331396460533142	0.22202003002166748
1	476608	1	Neut	0.5122910141944885	0.24072544276714325	0.24698351323604584
1	476859	1	Neut	0.5608121156692505	0.2059219628572464	0.23326587677001953
1	477118	1	Neut	0.6367253065109253	0.14555874466896057	0.21771596372127533
1	477308	1	Neut	0.599207878112793	0.1618090271949768	0.23898309469223022
1	477619	1	Neut	0.5111269354820251	0.2342781126499176	0.25459492206573486
1	477926	1	Neut	0.6342917084693909	0.13826562464237213	0.2274426966905594
1	477937	1	Neut	0.6677051186561584	0.13001301884651184	0.20228180289268494
1	478186	1	Neut	0.6463748812675476	0.13515962660312653	0.21846546232700348
1	478610	1	Neut	0.6309533715248108	0.15465737879276276	0.21438926458358765
1	479833	1	Neut	0.5791126489639282	0.19355574250221252	0.22733156383037567
1	479911	1	Neut	0.7197929620742798	0.09708096832036972	0.18312610685825348
1	480189	1	Neut	0.7058109045028687	0.10702554881572723	0.18716351687908173
1	481472	1	Neut	0.7074991464614868	0.10332855582237244	0.18917232751846313
1	481859	1	Neut	0.7406060695648193	0.08846988528966904	0.17092402279376984
1	482446	1	Neut	0.7363829612731934	0.09700067341327667	0.16661645472049713
1	482879	1	Neut	0.7430421710014343	0.09446018189191818	0.16249769926071167
1	483136	1	Neut	0.737041711807251	0.09619776159524918	0.16676048934459686
1	483146	1	Neut	0.721910834312439	0.10106885433197021	0.17702031135559082
1	483302	1	Neut	0.7103230357170105	0.10367453843355179	0.1860024482011795
1	483443	1	Neut	0.6913479566574097	0.1089499369263649	0.19970208406448364
1	483545	1	Neut	0.7252716422080994	0.09385751932859421	0.18087086081504822
1	483920	1	Neut	0.7368085980415344	0.09586779028177261	0.16732360422611237
1	484342	1	Neut	0.7524507641792297	0.08223775774240494	0.16531144082546234
1	484566	1	Neut	0.6202911734580994	0.15950831770896912	0.2202005386352539
1	485427	1	Neut	0.7201189994812012	0.10299408435821533	0.1768869161605835
1	485486	1	Neut	0.6657692790031433	0.12226694077253342	0.21196378767490387
1	486999	1	Neut	0.693600058555603	0.11065114289522171	0.19574880599975586
1	487404	1	Neut	0.43864625692367554	0.19979830086231232	0.36155539751052856
1	487588	1	Neut	0.6750384569168091	0.12604467570781708	0.19891679286956787
1	487645	1	Neut	0.5261395573616028	0.19027288258075714	0.28358757495880127
1	488020	1	Neut	0.6143518090248108	0.1528344452381134	0.2328137308359146
