true,pred,prob_neut,prob_hard,prob_soft
2,1,0.023543721,0.5868579,0.3895984
2,0,0.3781009,0.2887727,0.3331264
0,0,0.5149574,0.22053179,0.26451075
0,2,0.30081794,0.33861107,0.36057097
0,0,0.4771043,0.24223924,0.28065643
2,1,0.21298707,0.40619662,0.3808163
0,0,0.34650192,0.31001,0.34348807
0,0,0.44953746,0.25117892,0.2992837
0,0,0.5377722,0.20782481,0.25440302
2,0,0.4928261,0.23258772,0.2745861
1,1,0.079028614,0.51366955,0.40730184
0,1,0.13014613,0.46997342,0.39988044
1,0,0.50905156,0.22507331,0.26587504
2,1,0.048171923,0.5470089,0.40481925
0,1,0.19834018,0.4066178,0.39504203
2,1,0.17042322,0.43712887,0.39244792
0,2,0.24756217,0.37311012,0.37932768
2,1,0.082729094,0.5103812,0.40688977
1,1,0.0729071,0.52343965,0.40365323
2,0,0.42064133,0.26460698,0.31475174
0,0,0.44524366,0.25430995,0.3004464
1,1,0.13280103,0.46480072,0.40239832
2,0,0.41742852,0.27152532,0.31104612
2,0,0.42185816,0.2646691,0.31347275
2,0,0.4861189,0.23621798,0.27766305
1,1,0.044735767,0.5526455,0.40261883
2,1,0.070056394,0.5226816,0.407262
1,1,0.064344265,0.53249913,0.4031566
0,0,0.4309117,0.26196277,0.3071255
2,0,0.4705837,0.24210873,0.2873075
2,1,0.014085785,0.60919684,0.37671736
1,1,0.025974737,0.5855206,0.38850453
2,1,0.12964167,0.4653144,0.40504387
1,1,0.12366926,0.47303683,0.40329388
2,1,0.0078972345,0.6321597,0.3599431
2,1,0.15190226,0.44649017,0.40160757
0,1,0.22006261,0.39638996,0.38354743
2,0,0.48975047,0.23278303,0.27746648
1,0,0.4729045,0.2383283,0.28876722
2,1,0.14336546,0.44843832,0.4081962
1,0,0.5034235,0.22136095,0.27521554
0,0,0.40632135,0.26953167,0.32414705
2,1,0.18320715,0.421848,0.3949448
0,0,0.40824005,0.27432486,0.31743518
1,1,0.1455883,0.45570156,0.3987102
2,1,0.11549689,0.48146588,0.40303722
0,0,0.50982356,0.22147721,0.26869926
1,0,0.47687408,0.23587716,0.28724873
2,1,0.11180164,0.48450336,0.40369496
2,0,0.46271852,0.24846876,0.2888127
1,1,0.122701965,0.4648167,0.41248134
1,1,0.19019954,0.41925234,0.3905481
0,0,0.52622813,0.21573472,0.25803712
0,0,0.48520958,0.23405069,0.2807398
0,0,0.5127109,0.22286677,0.2644223
0,0,0.43463695,0.25576422,0.3095988
2,0,0.4405575,0.25361767,0.30582482
0,0,0.5311292,0.21325868,0.2556121
1,0,0.49494332,0.2331252,0.27193147
2,2,0.343902,0.31211883,0.34397918
2,0,0.39728028,0.28032213,0.32239762
2,1,0.13048655,0.46692494,0.40258852
2,1,0.046512984,0.5515445,0.40194252
2,0,0.54066503,0.20714432,0.25219068
0,0,0.47307795,0.24309905,0.28382298
1,1,0.145773,0.44987845,0.4043486
1,1,0.039299805,0.56222934,0.39847094
0,2,0.25351346,0.37082857,0.37565798
0,0,0.48877496,0.2350993,0.27612573
0,0,0.42643538,0.26531836,0.30824637
0,0,0.44350585,0.25612873,0.3003655
2,2,0.28783292,0.34640214,0.36576498
2,2,0.31601995,0.32652727,0.35745275
0,0,0.5219471,0.2146511,0.26340184
0,0,0.44917578,0.25326404,0.29756024
1,0,0.51899904,0.21789849,0.2631025
1,0,0.46181262,0.24761002,0.29057744
1,2,0.29822206,0.33969766,0.36208028
0,2,0.3256325,0.3214336,0.35293388
0,0,0.5487347,0.20370011,0.24756512
0,1,0.1709064,0.43531194,0.39378166
0,0,0.38302094,0.28885978,0.32811928
1,0,0.35666505,0.30356988,0.33976504
1,1,0.12523119,0.4690781,0.40569076
2,2,0.27115494,0.36058024,0.3682648
1,1,0.024983656,0.5824801,0.39253625
2,0,0.4919727,0.22979435,0.2782329
1,1,0.22465353,0.39539877,0.3799476
2,1,0.16547087,0.4354207,0.39910847
2,0,0.4937007,0.22904997,0.27724937
0,0,0.49657068,0.22788179,0.2755475
1,0,0.36395386,0.30069032,0.3353558
1,0,0.48274735,0.23606022,0.28119242
1,0,0.54019785,0.20801441,0.25178766
1,1,0.057101138,0.53611064,0.4067882
0,0,0.39822856,0.28023925,0.32153216
2,2,0.33231094,0.31854632,0.3491427
0,0,0.4954265,0.23024002,0.27433348
2,1,0.06701057,0.5258595,0.40713
2,0,0.4803694,0.23743914,0.28219143
0,2,0.32441124,0.32310188,0.35248688
0,0,0.3471841,0.3112191,0.3415968
2,0,0.44183433,0.25507706,0.30308867
1,0,0.4835887,0.23677771,0.27963364
2,1,0.15544619,0.44480535,0.39974847
1,1,0.040903978,0.5597846,0.39931142
2,0,0.4294604,0.26352432,0.30701527
0,0,0.4650787,0.2455311,0.28939018
1,1,0.06270508,0.531074,0.40622088
0,0,0.48585492,0.23327433,0.28087074
2,1,0.19443098,0.4118464,0.3937226
0,0,0.4692645,0.24553747,0.28519806
0,1,0.19029981,0.41656506,0.3931351
0,0,0.5487236,0.20296349,0.24831301
1,0,0.4796589,0.23842902,0.28191206
0,0,0.44467947,0.25602856,0.2992919
2,1,0.20671163,0.40424085,0.38904756
2,0,0.4624356,0.2487288,0.2888356
1,0,0.45541438,0.25016668,0.29441896
2,1,0.17873766,0.4230579,0.3982044
0,0,0.42211664,0.26754466,0.3103387
2,0,0.4624817,0.24975224,0.28776604
1,0,0.52682716,0.21512003,0.25805274
1,1,0.03957723,0.56251866,0.39790416
2,2,0.3370021,0.31043154,0.3525664
2,1,0.13228397,0.46086624,0.40684986
1,1,0.1467716,0.4529413,0.40028706
2,0,0.5232766,0.21763203,0.25909144
1,1,0.021381559,0.59352493,0.38509357
1,1,0.18115273,0.42394224,0.39490506
0,0,0.43847242,0.2601261,0.3014015
2,0,0.5152209,0.220409,0.26437017
1,1,0.11708884,0.4761639,0.40674728
1,2,0.24411394,0.37188944,0.3839966
1,2,0.27655983,0.35404304,0.3693971
0,0,0.47728032,0.2421007,0.280619
1,1,0.20614544,0.40355057,0.390304
2,0,0.4826219,0.23884916,0.2785289
0,0,0.35643893,0.30270973,0.34085134
2,1,0.157911,0.4402305,0.40185854
2,0,0.43861988,0.2566085,0.30477163
1,2,0.33394554,0.31529507,0.35075942
0,0,0.4358065,0.2615021,0.30269134
1,1,0.12865016,0.46525308,0.4060968
0,0,0.50477695,0.22435024,0.2708728
0,0,0.43765497,0.25960052,0.30274445
2,0,0.45375815,0.24997124,0.29627058
0,0,0.48085853,0.23805036,0.28109106
2,1,0.17039028,0.43147987,0.39812988
0,0,0.47473246,0.24065225,0.2846153
0,0,0.47570637,0.2387475,0.2855461
1,0,0.41514322,0.27164316,0.31321365
1,1,0.046536066,0.5537368,0.39972708
0,0,0.4816262,0.23981403,0.2785597
2,1,0.2198927,0.3967464,0.38336092
2,1,0.13636984,0.46076736,0.40286282
1,1,0.11301133,0.48196343,0.4050252
2,1,0.12305922,0.47411978,0.402821
1,1,0.20264965,0.41135836,0.385992
1,1,0.075283766,0.5207779,0.40393838
0,0,0.4713072,0.24480645,0.2838864
1,0,0.48542023,0.23495346,0.2796263
2,0,0.51694816,0.22199582,0.261056
2,0,0.38419232,0.2850997,0.33070797
1,0,0.44654977,0.25419897,0.29925132
2,0,0.39214066,0.28385028,0.32400906
0,0,0.5033637,0.224799,0.27183732
2,0,0.46773395,0.24355534,0.28871083
1,1,0.024097912,0.58773845,0.3881636
1,2,0.26414183,0.35377344,0.38208467
1,0,0.5378788,0.20919333,0.2529278
0,0,0.44775325,0.25185242,0.30039433
2,0,0.42478326,0.26355353,0.31166318
0,0,0.4755845,0.23904836,0.28536713
2,2,0.32265154,0.32423732,0.35311112
2,1,0.13811547,0.46036044,0.40152404
2,0,0.47916558,0.23928568,0.28154883
0,0,0.5226107,0.21579826,0.26159093
0,0,0.49692848,0.22662835,0.27644315
0,0,0.47370034,0.24220817,0.28409153
2,1,0.21865386,0.39700103,0.3843451
0,0,0.5248183,0.21540928,0.25977242
2,1,0.18281113,0.42381683,0.3933721
1,0,0.4476088,0.25384697,0.29854423
2,0,0.37144843,0.29257983,0.33597174
0,0,0.48331648,0.23540491,0.2812786
1,0,0.4757185,0.23791367,0.2863678
0,0,0.5263664,0.21604237,0.25759116
1,0,0.4754436,0.2388233,0.28573316
2,0,0.4393489,0.25740108,0.30325013
1,1,0.085071445,0.5031456,0.41178292
1,0,0.52712435,0.21365626,0.25921938
1,0,0.36828503,0.29359084,0.33812413
0,0,0.46754187,0.24423195,0.2882262
0,0,0.5042285,0.22476597,0.2710055
1,0,0.47980323,0.2388073,0.28138945
0,1,0.20128894,0.40534416,0.3933669
0,2,0.30073822,0.34031516,0.35894668
0,0,0.4662239,0.24592835,0.28784782
2,0,0.42639428,0.26599535,0.30761036
0,2,0.33793607,0.31615782,0.3459061
1,2,0.27749574,0.35292277,0.36958143
2,0,0.45275566,0.25375706,0.29348725
0,0,0.3644532,0.29124326,0.3443036
1,2,0.25933647,0.36522514,0.37543845
2,0,0.4052183,0.2778443,0.31693742
0,0,0.53000575,0.21344592,0.25654832
2,0,0.3863244,0.2833637,0.3303119
1,0,0.42410052,0.26243126,0.3134683
2,0,0.4586445,0.24931759,0.29203793
1,0,0.4543822,0.25105098,0.2945669
2,1,0.076825105,0.5095837,0.41359112
0,0,0.491283,0.2342642,0.27445278
2,0,0.51325303,0.22209406,0.26465285
0,0,0.52239925,0.21903853,0.25856218
1,1,0.18411689,0.42338312,0.39250004
2,0,0.5006151,0.22869039,0.2706945
2,0,0.46921888,0.242642,0.28813916
0,0,0.51604563,0.21989201,0.26406232
0,0,0.5103252,0.22415538,0.26551947
1,0,0.38517386,0.28692323,0.32790294
0,0,0.47398204,0.24408565,0.28193226
2,1,0.116061434,0.47730187,0.40663674
1,0,0.4016145,0.27681604,0.3215694
0,0,0.49729985,0.22931948,0.27338067
0,0,0.46345952,0.24715373,0.28938675
0,1,0.19939743,0.41016236,0.3904402
1,2,0.2888342,0.3481242,0.36304158
1,0,0.40888473,0.2731227,0.31799257
1,1,0.17656298,0.4257483,0.39768872
0,2,0.2931192,0.34520137,0.36167952
1,0,0.3564104,0.30682576,0.33676386
0,1,0.18039988,0.4242672,0.39533293
2,0,0.43020722,0.26524937,0.30454338
0,0,0.48493123,0.23661068,0.27845818
1,1,0.014440322,0.60971045,0.37584922
0,0,0.45774427,0.24933678,0.29291895
1,1,0.040624473,0.55588114,0.40349442
1,1,0.12263095,0.46771497,0.40965408
0,1,0.20599443,0.40771738,0.38628823
1,0,0.4562195,0.24935736,0.29442316
2,2,0.32362306,0.3229732,0.35340378
0,1,0.2253267,0.3917179,0.38295528
1,0,0.48547032,0.2353689,0.27916077
0,0,0.51117396,0.22419791,0.2646282
0,0,0.45968258,0.24811788,0.29219955
2,0,0.445932,0.25791025,0.29615778
0,0,0.51729125,0.21835038,0.2643583
1,0,0.4850657,0.23534386,0.2795904
2,2,0.24385366,0.37678385,0.37936243
2,1,0.07115624,0.5199056,0.40893814
1,1,0.1310819,0.4645377,0.40438038
1,1,0.19687401,0.41226166,0.39086437
1,0,0.45868945,0.24811873,0.29319185
0,1,0.15895513,0.44305274,0.39799213
0,0,0.4407968,0.2613728,0.29783043
1,1,0.10488046,0.4919209,0.4031986
2,1,0.20248201,0.40868628,0.38883168
2,1,0.024606898,0.58300644,0.3923867
2,1,0.12446343,0.4712018,0.40433472
2,1,0.23145758,0.39015126,0.37839115
0,0,0.41489506,0.27087116,0.31423375
1,1,0.12258201,0.47051507,0.40690288
0,0,0.43916205,0.25876495,0.30207297
1,0,0.42404515,0.2671063,0.30884856
1,1,0.21684928,0.39622656,0.38692424
1,0,0.40485674,0.27247077,0.32267255
2,0,0.5212085,0.21879087,0.2600006
1,1,0.13842025,0.45247248,0.4091072
0,0,0.5071929,0.2236974,0.26910967
1,0,0.51583487,0.22161737,0.2625478
2,1,0.18938321,0.42284697,0.38776982
1,1,0.21655428,0.3982532,0.38519254
1,0,0.46852696,0.24369416,0.28777888
1,0,0.3602561,0.30209598,0.3376479
1,1,0.02553082,0.58349216,0.390977
1,1,0.13370165,0.45932618,0.4069722
0,0,0.46377796,0.24693342,0.28928858
1,1,0.023383966,0.5867728,0.3898433
1,1,0.023062514,0.5864993,0.39043817
1,1,0.09624487,0.4968861,0.40686902
0,0,0.43151137,0.2650856,0.30340305
1,0,0.43968746,0.25756082,0.3027517
2,2,0.3294468,0.3212115,0.3493417
0,2,0.21937487,0.3888706,0.3917546
0,0,0.5495344,0.20424685,0.2462187
2,1,0.10569715,0.48602018,0.40828267
0,1,0.2244984,0.39223406,0.38326755
1,1,0.124006346,0.47077924,0.40521452
0,0,0.4620613,0.24713163,0.29080704
0,0,0.439405,0.2581477,0.30244726
0,0,0.51377237,0.22109891,0.26512867
0,0,0.49904683,0.23146322,0.26948994
2,1,0.08658715,0.5073737,0.40603915
2,2,0.33937603,0.3136606,0.34696332
1,1,0.2277941,0.39097384,0.3812321
1,2,0.3250514,0.31972754,0.35522103
1,0,0.4656932,0.24213149,0.2921753
1,1,0.065964244,0.52428144,0.40975437
0,0,0.48589367,0.23535936,0.27874693
2,2,0.2700473,0.35885054,0.37110218
2,1,0.079066925,0.5117292,0.40920386
1,0,0.43648237,0.25700405,0.3065136
2,2,0.25880945,0.3655581,0.3756324
0,1,0.2032077,0.4136182,0.38317412
1,1,0.0709009,0.5206217,0.40847743
2,1,0.08010713,0.5059834,0.4139094
2,2,0.290048,0.34783968,0.36211225
1,1,0.073585294,0.517872,0.40854272
0,0,0.52016765,0.21588391,0.26394844
1,1,0.08709255,0.50279266,0.41011474
0,1,0.12275283,0.47358665,0.4036606
0,1,0.06113796,0.5348405,0.40402156
1,1,0.037008148,0.5677839,0.39520806
1,1,0.11952817,0.47014168,0.41033012
2,1,0.09309701,0.49791884,0.40898412
0,1,0.2339018,0.38527215,0.38082612
1,0,0.52797127,0.21602803,0.2560006
1,0,0.507726,0.2241875,0.26808646
1,0,0.49910563,0.2263804,0.27451396
0,2,0.3076973,0.33516943,0.3571332
2,1,0.047250167,0.5487598,0.40399
1,1,0.21806274,0.39773273,0.38420457
0,0,0.4787173,0.24016055,0.28112215
0,0,0.47978818,0.24009642,0.2801154
1,1,0.043973714,0.5523718,0.40365443
0,0,0.5538125,0.20108944,0.24509804
2,1,0.036065232,0.5678151,0.39611962
0,0,0.45602295,0.25344703,0.2905301
2,1,0.20917681,0.40362042,0.3872027
0,0,0.40748703,0.27544296,0.31707004
2,1,0.18653421,0.42333063,0.3901352
0,0,0.51566666,0.2198351,0.2644983
1,0,0.50980693,0.22420827,0.2659848
2,1,0.11902468,0.47806618,0.40290916
1,1,0.18978918,0.41756347,0.39264736
0,0,0.50787306,0.22612746,0.26599953
1,1,0.06629506,0.52420384,0.40950105
1,2,0.2783896,0.35555655,0.36605382
2,2,0.25866815,0.36340448,0.37792736
1,0,0.50427055,0.2266095,0.26911998
2,1,0.15216519,0.4406171,0.40721774
2,1,0.1380933,0.45845115,0.40345553
2,0,0.5032493,0.22577207,0.27097863
2,1,0.090174325,0.501901,0.40792477
2,2,0.32116163,0.32801256,0.35082585
1,1,0.0778193,0.5173734,0.40480727
1,0,0.38136375,0.29253078,0.32610545
1,0,0.45631176,0.25084266,0.29284564
0,2,0.28156036,0.34091365,0.37752604
2,1,0.20328145,0.40879607,0.38792253
1,1,0.1244065,0.4735379,0.40205556
2,1,0.09809511,0.49531522,0.40658966
0,0,0.42817846,0.26521,0.3066115
1,1,0.07153792,0.52395177,0.40451032
1,0,0.50848806,0.22133476,0.27017716
1,0,0.35907978,0.30293152,0.3379887
0,0,0.46251863,0.24262767,0.2948536
0,0,0.4955455,0.22851428,0.27594024
1,0,0.44950747,0.2526407,0.29785186
1,0,0.4714925,0.24033089,0.2881766
1,2,0.25017568,0.3730484,0.3767759
1,1,0.043225043,0.55456793,0.40220702
1,1,0.18423,0.42179164,0.39397836
0,0,0.4927196,0.23337954,0.27390087
2,0,0.45872656,0.25061947,0.290654
0,0,0.5313972,0.21104896,0.2575538
1,1,0.059611224,0.53779244,0.4025963
0,1,0.12213912,0.470923,0.40693784
0,0,0.5620906,0.19644922,0.24146019
1,1,0.15297133,0.44806594,0.39896277
2,1,0.1436863,0.45465767,0.40165597
2,0,0.4242116,0.26708275,0.30870566
1,0,0.4893564,0.2340783,0.27656534
1,0,0.49919307,0.22885175,0.2719551
2,1,0.21925643,0.39678073,0.38396284
2,1,0.22497818,0.39518806,0.37983373
2,1,0.19307081,0.41678858,0.39014056
2,0,0.466376,0.23918888,0.2944351
1,1,0.17132309,0.43756497,0.39111197
1,0,0.5423825,0.20712033,0.25049722
1,0,0.4693935,0.24363536,0.28697112
1,1,0.20433922,0.40730894,0.38835186
0,0,0.52476776,0.21527728,0.2599549
2,1,0.1986523,0.41039264,0.390955
2,1,0.13547891,0.46369603,0.40082505
0,0,0.43921965,0.25537458,0.30540577
1,0,0.45796365,0.24854304,0.2934933
2,0,0.40849066,0.27425435,0.31725502
0,0,0.45413512,0.24931088,0.2965539
1,0,0.35191733,0.3067729,0.34130985
1,0,0.47794122,0.24164422,0.28041452
0,0,0.39468068,0.28399363,0.32132572
2,1,0.071202956,0.52486074,0.40393633
1,1,0.19272815,0.40988028,0.3973916
2,0,0.48870182,0.23105285,0.2802452
1,2,0.30034044,0.33902094,0.3606386
0,0,0.5054178,0.2239467,0.27063543
0,0,0.52623653,0.21615201,0.2576115
2,0,0.40072775,0.2810518,0.31822044
2,0,0.42901462,0.26093975,0.31004566
1,0,0.5003253,0.23027155,0.26940316
1,1,0.11377764,0.48091412,0.40530822
1,1,0.04181043,0.55880207,0.39938748
2,1,0.14396298,0.45236227,0.40367478
1,1,0.10119232,0.49029556,0.4085122
0,1,0.21343859,0.40390944,0.38265195
1,1,0.066539384,0.52907926,0.4043814
2,0,0.45558846,0.24571429,0.29869735
0,0,0.4496136,0.25517687,0.29520953
1,1,0.0978797,0.49694768,0.40517256
0,0,0.49733174,0.23132952,0.27133873
2,1,0.13868876,0.45707121,0.40424
1,0,0.40470263,0.27456197,0.32073542
2,1,0.091397375,0.50101614,0.40758651
2,0,0.4612148,0.24945025,0.289335
2,0,0.41906866,0.26717114,0.3137601
2,0,0.34879312,0.30880362,0.34240323
2,0,0.4110991,0.27031806,0.31858283
1,1,0.14543116,0.45717096,0.39739797
2,0,0.40187144,0.2792175,0.31891108
2,1,0.022637445,0.5899477,0.38741487
2,1,0.23572572,0.38702148,0.37725282
0,0,0.48840377,0.23345673,0.27813953
2,1,0.1992845,0.4082941,0.39242145
0,0,0.48304167,0.2342482,0.28271005
1,0,0.44345745,0.25588492,0.30065754
0,0,0.48014504,0.23643818,0.28341687
1,0,0.38201565,0.28537443,0.33260992
1,1,0.18180923,0.42151353,0.39667723
1,0,0.42031696,0.2692679,0.31041518
1,1,0.12641266,0.46944535,0.40414202
2,2,0.34285498,0.31372446,0.34342054
1,0,0.46584186,0.24517904,0.28897905
0,2,0.29788494,0.3407635,0.36135155
0,0,0.5155666,0.22109105,0.26334235
0,0,0.45891824,0.24845815,0.2926236
2,0,0.5298882,0.21221545,0.2578964
2,1,0.10868508,0.48563626,0.40567866
0,0,0.4727008,0.24194807,0.2853511
2,0,0.4798526,0.23887199,0.2812755
1,1,0.083192885,0.5109532,0.40585393
1,1,0.14653729,0.45633838,0.39712435
1,0,0.45546523,0.25225648,0.29227838
2,0,0.47090968,0.24369216,0.28539816
1,2,0.2227927,0.38856298,0.38864425
1,2,0.31728247,0.32968262,0.35303494
2,2,0.3319499,0.30824107,0.3598091
1,1,0.07809723,0.5140849,0.40781784
1,2,0.3333465,0.30956522,0.35708833
1,1,0.07442094,0.518331,0.40724808
0,0,0.39184266,0.2841105,0.32404682
0,0,0.36192042,0.2997501,0.33832952
0,0,0.451424,0.25148636,0.2970896
1,0,0.3553479,0.2975863,0.34706578
2,0,0.37190276,0.29345462,0.33464262
2,1,0.11505536,0.4767414,0.4082032
2,0,0.47520927,0.24257858,0.2822121
1,2,0.32689145,0.32076696,0.35234153
0,0,0.4644639,0.24273168,0.29280445
2,2,0.23945719,0.3790053,0.3815375
0,1,0.12206614,0.47099286,0.406941
1,2,0.24523164,0.37607726,0.3786911
1,1,0.09893558,0.49030462,0.41075984
1,0,0.5078464,0.22109474,0.27105883
2,0,0.4437625,0.25057322,0.30566418
1,1,0.23163418,0.38532653,0.3830393
2,1,0.14347596,0.45887026,0.39765382
1,1,0.20505936,0.40708536,0.38785526
2,1,0.06557739,0.5282557,0.40616688
2,1,0.26392028,0.36804432,0.3680354
2,0,0.50755954,0.22431973,0.26812077
1,1,0.06250434,0.5295659,0.40792984
0,0,0.49273115,0.23194525,0.27532363
2,0,0.47206768,0.24247003,0.28546232
0,1,0.22765082,0.38867408,0.38367507
1,0,0.35319367,0.30306205,0.34374425
2,1,0.2171062,0.3976654,0.38522843
0,0,0.48357576,0.23328942,0.28313476
1,1,0.08192694,0.5118489,0.4062241
2,0,0.42105412,0.26857567,0.3103702
1,0,0.5009472,0.22665651,0.2723963
1,1,0.22014464,0.3914903,0.38836497
2,0,0.45991072,0.24805105,0.2920382
1,1,0.025555596,0.58322096,0.39122343
2,0,0.3504484,0.30948544,0.34006622
0,0,0.5412385,0.207005,0.2517565
0,0,0.48272836,0.23343956,0.28383204
2,0,0.49796566,0.2303151,0.2717192
0,0,0.52719915,0.21468978,0.2581111
0,0,0.41551274,0.26984626,0.31464103
0,0,0.49280122,0.22911009,0.27808872
2,1,0.067418665,0.5262457,0.40633556
2,0,0.35078543,0.30695215,0.34226242
0,0,0.45224747,0.2505105,0.297242
1,2,0.28382277,0.35140684,0.36477038
1,1,0.10734091,0.48265687,0.41000223
0,0,0.5028244,0.22565986,0.2715157
1,1,0.04407412,0.55445033,0.40147552
2,2,0.31135276,0.33231798,0.35632923
2,0,0.49536517,0.22915414,0.27548066
1,0,0.35693666,0.30249283,0.34057045
0,0,0.3812397,0.29027465,0.32848564
2,1,0.19091216,0.41520444,0.39388338
0,1,0.05757307,0.53656787,0.40585908
2,1,0.10854032,0.47988638,0.41157332
2,0,0.5148565,0.22188717,0.26325625
0,0,0.45111704,0.2515278,0.29735515
2,2,0.2181091,0.38837492,0.393516
2,0,0.48952797,0.23193188,0.2785402
1,1,0.06682387,0.5196871,0.4134889
1,0,0.5058195,0.22586738,0.26831308
1,0,0.38596407,0.28635347,0.32768247
1,0,0.5179935,0.21670417,0.2653023
1,1,0.14184764,0.46246967,0.39568266
0,0,0.4572889,0.25013036,0.2925808
1,0,0.47661045,0.23679912,0.28659037
1,2,0.30784762,0.33470264,0.3574498
0,2,0.3071137,0.3339382,0.3589481
1,0,0.4089993,0.27512145,0.3158793
1,2,0.256116,0.3642056,0.3796784
0,0,0.45842814,0.24976976,0.29180202
2,0,0.40564856,0.27560169,0.3187497
2,1,0.12881452,0.4668355,0.40434992
0,0,0.46191493,0.24861144,0.28947365
2,1,0.20700163,0.40782005,0.38517836
2,0,0.5364576,0.21032217,0.25322026
1,1,0.14875321,0.44961566,0.40163112
1,1,0.022754934,0.5919272,0.3853179
1,0,0.5027165,0.22654179,0.27074173
1,1,0.04201356,0.5577529,0.40023357
0,0,0.48438278,0.2323404,0.28327677
1,1,0.11016771,0.48615643,0.4036758
0,1,0.18154937,0.42282924,0.39562145
2,2,0.25010952,0.37310985,0.37678072
1,2,0.26401222,0.35958472,0.376403
2,1,0.13950293,0.45107943,0.40941763
2,0,0.4374666,0.25242782,0.31010565
2,0,0.4350703,0.26165605,0.30327365
1,0,0.4896231,0.23442508,0.2759518
0,1,0.12746409,0.4757199,0.39681605
2,1,0.03494971,0.5670475,0.39800274
0,0,0.50427157,0.22367132,0.2720571
2,0,0.4039768,0.26589632,0.33012685
0,0,0.5330448,0.21077585,0.2561794
0,0,0.54869276,0.2002789,0.25102833
0,0,0.4571029,0.25194997,0.29094708
1,1,0.05255637,0.54281396,0.40462965
1,1,0.09730376,0.5000131,0.40268317
0,0,0.4805901,0.23739171,0.28201813
0,0,0.4861827,0.23664376,0.27717352
1,0,0.4719583,0.23970565,0.28833604
1,2,0.34072894,0.3110636,0.34820744
1,1,0.053137537,0.5424393,0.4044231
1,2,0.25982985,0.36681026,0.3733599
0,1,0.19957958,0.41507605,0.38534433
0,1,0.1738358,0.43419534,0.3919689
1,0,0.4272699,0.25818846,0.31454167
1,0,0.48485819,0.23157355,0.2835683
1,1,0.09247207,0.4968444,0.41068354
2,0,0.35891145,0.29982802,0.34126046
2,1,0.21639664,0.40030098,0.38330236
0,0,0.52094567,0.2180807,0.26097363
2,0,0.43065476,0.26223746,0.30710775
0,0,0.49333552,0.22807562,0.27858883
1,1,0.12273583,0.47232506,0.40493917
0,0,0.49856344,0.22824532,0.27319124
1,0,0.48879033,0.2357232,0.2754865
1,1,0.10790442,0.4813941,0.41070154
1,0,0.49925467,0.22686669,0.2738786
1,1,0.10466603,0.49198905,0.40334496
0,0,0.50109875,0.22397208,0.27492914
2,0,0.5208279,0.21628948,0.26288268
0,1,0.22798967,0.39067674,0.38133365
2,1,0.18680479,0.42023116,0.3929641
0,0,0.39165306,0.28167567,0.3266712
2,0,0.5123097,0.21985017,0.26784018
2,0,0.47951722,0.24036787,0.28011495
2,1,0.06565149,0.52863604,0.40571252
2,0,0.3889578,0.28533363,0.3257085
0,0,0.48253202,0.23729746,0.28017053
2,1,0.03572733,0.5672906,0.39698213
2,0,0.4753895,0.24101065,0.28359982
1,1,0.16689947,0.43699917,0.39610136
0,0,0.5056269,0.22411098,0.27026218
1,0,0.37722653,0.29217485,0.33059862
1,1,0.1253878,0.465898,0.40871423
0,0,0.50916064,0.2229022,0.2679372
2,0,0.39947954,0.27773234,0.3227881
0,1,0.24378638,0.37993467,0.376279
1,1,0.12412692,0.46825582,0.40761733
0,0,0.4769795,0.23757224,0.2854482
1,0,0.4704384,0.24323884,0.28632274
1,0,0.5592584,0.20004496,0.24069671
0,0,0.5009203,0.22816694,0.2709127
1,1,0.08206151,0.5139493,0.4039893
1,1,0.14188394,0.45683506,0.40128103
2,1,0.073009536,0.51624095,0.41074944
2,0,0.4757748,0.23969045,0.28453472
1,0,0.44092342,0.25800952,0.30106705
0,0,0.517139,0.21955608,0.2633049
0,1,0.1820134,0.4282991,0.38968748
0,0,0.43346936,0.2609654,0.3055653
2,2,0.24368845,0.3764612,0.37985036
0,0,0.45001194,0.25256452,0.29742354
2,1,0.16432667,0.4355345,0.40013883
0,1,0.06705048,0.52385926,0.40909025
1,2,0.27585188,0.35943618,0.36471197
2,0,0.43295872,0.26074958,0.30629173
0,0,0.46783462,0.2446458,0.28751954
2,0,0.51882213,0.21988907,0.26128876
2,1,0.13324642,0.46319062,0.4035629
2,1,0.18254682,0.42289692,0.39455622
2,0,0.4176964,0.26670405,0.31559956
2,1,0.06814354,0.5262955,0.40556094
2,0,0.49983537,0.22745042,0.27271423
1,1,0.1211847,0.47077036,0.4080449
2,0,0.48619196,0.2355932,0.27821493
2,1,0.023999592,0.58416665,0.39183375
2,0,0.48199177,0.23588464,0.28212357
1,0,0.41886902,0.26897126,0.31215963
1,2,0.31398237,0.3273602,0.35865748
0,0,0.53084266,0.21422312,0.2549342
0,0,0.51762915,0.22025737,0.26211348
1,1,0.1340017,0.46304926,0.402949
2,1,0.22185014,0.39860424,0.3795456
2,0,0.49464843,0.23210825,0.27324337
1,0,0.4279212,0.26480308,0.30727565
1,0,0.50324726,0.22744466,0.26930806
1,0,0.49904197,0.2300106,0.27094743
0,0,0.520007,0.21750079,0.2624922
0,0,0.52517194,0.21634977,0.2584783
1,0,0.4647256,0.24638398,0.28889036
1,1,0.07359964,0.5220339,0.40436655
1,1,0.014142099,0.6119134,0.37394452
0,0,0.39060932,0.2804803,0.32891038
2,1,0.023398083,0.58885944,0.38774246
2,2,0.2727011,0.3537895,0.37350938
0,0,0.53142023,0.21361673,0.25496304
1,1,0.07097918,0.5250239,0.40399694
2,1,0.12490103,0.471729,0.40336996
0,0,0.53229296,0.21135494,0.2563521
1,0,0.49928328,0.22550958,0.2752072
2,0,0.4578965,0.25006565,0.2920379
2,2,0.321897,0.32161748,0.35648555
2,0,0.531541,0.21228032,0.25617868
1,0,0.44423178,0.25614524,0.29962298
1,1,0.09893896,0.49011338,0.41094774
1,0,0.3875669,0.28156662,0.3308665
0,1,0.15224023,0.44627985,0.40147996
1,0,0.42838314,0.26012006,0.3114968
1,2,0.33374423,0.31375128,0.3525045
0,0,0.450656,0.25136057,0.29798344
2,2,0.2515197,0.37040102,0.37807927
0,0,0.53354496,0.21044505,0.25601
1,1,0.121773854,0.47662112,0.4016051
0,0,0.45805043,0.24524893,0.29670072
1,1,0.153679,0.44886565,0.39745528
0,0,0.5109618,0.222539,0.26649922
2,1,0.04913746,0.54612863,0.40473393
2,1,0.15020439,0.45247272,0.39732286
2,0,0.35535797,0.2983772,0.34626484
2,1,0.06644102,0.5257873,0.4077717
1,0,0.45706192,0.24863347,0.29430467
1,0,0.46964946,0.24214786,0.28820264
2,2,0.22164945,0.38914427,0.38920626
0,0,0.37416697,0.29176497,0.334068
2,0,0.38822114,0.2871301,0.32464877
1,2,0.25368065,0.369685,0.3766344
2,0,0.4277354,0.26174858,0.3105161
0,2,0.267957,0.35565746,0.37638557
0,2,0.2971966,0.33960164,0.36320183
0,0,0.51664716,0.22136948,0.2619834
1,1,0.036622375,0.5640388,0.39933884
0,0,0.3716759,0.2886345,0.33968958
0,0,0.49799582,0.22949848,0.27250573
1,1,0.079600506,0.51396203,0.4064374
1,1,0.048296645,0.5430911,0.40861228
0,0,0.52031714,0.21510556,0.2645772
2,0,0.44953653,0.2560128,0.2944507
2,0,0.47716486,0.23875342,0.28408167
2,1,0.21271099,0.4052974,0.3819916
2,0,0.48992056,0.23500593,0.2750735
0,0,0.4975509,0.22824188,0.27420717
1,0,0.43902904,0.25584516,0.3051258
0,2,0.3190807,0.32722938,0.35368985
0,0,0.43490934,0.26030418,0.3047865
1,0,0.45606446,0.24973062,0.29420498
0,0,0.49728486,0.22830924,0.2744059
0,0,0.5349808,0.20876785,0.25625134
0,0,0.39781594,0.28034368,0.32184032
2,0,0.50804394,0.22183153,0.27012458
2,1,0.04328232,0.5511188,0.40559888
2,0,0.50400776,0.22444566,0.27154657
2,0,0.40740636,0.27821854,0.3143751
2,0,0.47262853,0.24235994,0.28501147
2,1,0.13195625,0.46436125,0.4036824
0,0,0.46940094,0.24112497,0.28947407
2,2,0.34536174,0.30408195,0.35055625
1,0,0.34501964,0.31127244,0.34370792
1,0,0.46287605,0.24544713,0.29167685
2,1,0.1271869,0.46837828,0.40443486
1,0,0.49223912,0.22962148,0.27813944
1,0,0.46975353,0.24405172,0.2861947
2,2,0.3292833,0.31509653,0.35562012
0,1,0.1251696,0.46458927,0.4102411
1,0,0.47080407,0.242279,0.286917
0,1,0.21655323,0.40103877,0.38240808
2,0,0.45776606,0.25047943,0.2917545
2,1,0.026027668,0.5834557,0.3905166
0,0,0.55133986,0.20312932,0.24553083
2,2,0.3167634,0.32939535,0.3538412
0,2,0.2802987,0.35379553,0.36590573
0,0,0.4990051,0.22888544,0.27210954
2,0,0.48087612,0.23628496,0.28283888
2,0,0.4320911,0.26156038,0.30634847
0,0,0.48997435,0.23236458,0.277661
1,1,0.19127624,0.42031908,0.38840473
1,0,0.4980258,0.2262781,0.27569613
2,2,0.33704385,0.3062676,0.35668856
2,1,0.0735669,0.52193934,0.40449375
2,0,0.5256112,0.21439797,0.25999078
0,0,0.49222624,0.23131871,0.27645501
1,1,0.19479583,0.41359156,0.39161256
2,1,0.09861123,0.4920776,0.4093112
2,1,0.1683422,0.43675798,0.39489987
0,2,0.3294505,0.3153314,0.35521805
1,1,0.21807894,0.39959437,0.3823267
0,0,0.4760382,0.24161173,0.28235012
0,1,0.20659441,0.40570724,0.3876984
1,0,0.5067417,0.22215915,0.27109915
1,0,0.4554345,0.2497605,0.29480508
0,0,0.51592225,0.21859664,0.2654811
1,1,0.046323303,0.55467725,0.39899942
0,0,0.52478445,0.2147911,0.2604245
2,0,0.47437477,0.24230795,0.2833173
0,0,0.41920766,0.26318777,0.31760454
0,1,0.21843174,0.3974231,0.38414517
0,0,0.3670406,0.29526857,0.33769086
0,0,0.4788985,0.23908187,0.2820196
0,2,0.24547172,0.3760588,0.37846956
0,1,0.21803117,0.39620772,0.38576117
1,0,0.49158743,0.23292293,0.2754897
1,0,0.49973294,0.22881553,0.2714515
1,0,0.5217475,0.2172185,0.2610339
1,0,0.47833338,0.24170005,0.27996653
0,0,0.54286826,0.20712057,0.25001118
0,0,0.43949792,0.25987992,0.3006221
1,1,0.038731147,0.5636485,0.39762032
1,0,0.4000041,0.2789194,0.32107654
1,1,0.08137304,0.50497365,0.41365334
0,1,0.07865737,0.5145943,0.40674832
0,0,0.49388516,0.2330003,0.2731145
1,1,0.13598868,0.45904702,0.40496424
0,0,0.45978397,0.24657395,0.29364204
0,1,0.07863934,0.5134672,0.40789345
1,1,0.079216816,0.5139985,0.40678468
1,0,0.48774776,0.23512362,0.27712867
2,0,0.4185759,0.26619753,0.31522655
0,0,0.45221028,0.25052577,0.297264
0,1,0.19644417,0.4140657,0.3894902
1,0,0.5105739,0.22249487,0.2669312
0,0,0.48661393,0.23573531,0.27765077
2,0,0.5293811,0.21383448,0.2567845
0,0,0.4797643,0.2379221,0.28231353
2,0,0.5118074,0.22181453,0.26637807
1,0,0.5005561,0.22733651,0.2721074
0,2,0.33282095,0.31635612,0.35082293
1,1,0.030056087,0.57799256,0.39195138
0,2,0.31645516,0.32721907,0.35632578
2,0,0.4699597,0.24504872,0.28499147
0,0,0.48208728,0.23721993,0.28069285
1,1,0.23940681,0.3807648,0.3798284
2,0,0.4518837,0.25308737,0.29502895
2,1,0.095516145,0.4989567,0.40552709
2,0,0.42779168,0.26558548,0.3066228
0,0,0.5177381,0.2210545,0.26120737
0,0,0.4955661,0.23180464,0.2726292
0,0,0.50792086,0.22292076,0.26915833
0,0,0.44864744,0.25548303,0.29586953
1,1,0.03851864,0.56122595,0.40025544
2,1,0.11714491,0.48018906,0.402666
0,2,0.34607515,0.30469608,0.3492287
0,0,0.4166809,0.27139685,0.31192225
1,1,0.11212361,0.48739064,0.40048572
2,1,0.22317669,0.3931905,0.38363278
0,0,0.45889178,0.24983035,0.2912778
1,1,0.14720689,0.4527096,0.4000835
0,0,0.5156208,0.22008793,0.2642913
0,0,0.47967926,0.23748189,0.28283876
0,0,0.5194839,0.21969205,0.26082394
2,0,0.40980852,0.27360517,0.31658643
1,1,0.03984892,0.56196404,0.398187
1,0,0.48861256,0.22978005,0.2816074
1,0,0.44703618,0.25417426,0.29878953
1,1,0.012856557,0.6131766,0.3739668
2,0,0.44088477,0.25347653,0.3056387
0,0,0.46947992,0.24261126,0.2879088
2,0,0.3810467,0.28890222,0.33005103
2,1,0.1376889,0.4615139,0.4007972
1,1,0.042435087,0.55717134,0.40039358
0,0,0.44369972,0.2559571,0.30034328
1,1,0.022631375,0.5881648,0.38920385
1,1,0.20586857,0.40376136,0.3903701
2,1,0.023678483,0.5835148,0.39280662
0,0,0.52436894,0.2148906,0.2607405
0,0,0.45170012,0.25416404,0.2941359
0,0,0.4419521,0.25919777,0.29885018
1,0,0.53046805,0.21335995,0.25617203
1,2,0.23434457,0.3820879,0.3835675
0,0,0.48353627,0.23600781,0.28045595
1,1,0.1296092,0.46649265,0.40389812
2,2,0.24690714,0.37493265,0.37816027
2,1,0.09254005,0.49750388,0.409956
1,1,0.18865354,0.4205583,0.39078814
1,2,0.33345658,0.3149542,0.35158926
2,0,0.49026197,0.23500507,0.27473298
2,1,0.14128971,0.45980406,0.39890632
0,0,0.5417562,0.20598128,0.25226256
0,0,0.43342844,0.26112148,0.30545002
2,1,0.036534347,0.5660357,0.39743003
2,1,0.04652019,0.55291396,0.4005659
0,0,0.4988076,0.22951205,0.27168033
2,1,0.07071683,0.52486795,0.4044152
2,2,0.2637117,0.36584723,0.37044108
1,1,0.20666066,0.4036808,0.38965863
0,0,0.48734432,0.22955976,0.2830959
1,2,0.29006368,0.34959313,0.3603432
1,1,0.10813224,0.48553172,0.40633604
1,1,0.014870778,0.60878646,0.37634277
1,0,0.4890429,0.23032816,0.2806289
0,0,0.4932369,0.2309009,0.27586225
1,0,0.45516455,0.25277144,0.29206398
2,0,0.5144286,0.2207709,0.2648005
0,0,0.5138487,0.22173719,0.264414
1,0,0.48113224,0.23895432,0.27991349
2,1,0.04604736,0.5494653,0.40448734
0,0,0.50488645,0.22691336,0.26820007
1,1,0.13579081,0.45829907,0.4059101
0,0,0.5333052,0.20876569,0.2579291
2,1,0.20460735,0.40378404,0.39160857
2,1,0.069885015,0.5222922,0.40782273
0,0,0.45813593,0.2464099,0.29545426
1,0,0.51836514,0.21908371,0.26255116
2,0,0.5446572,0.20635937,0.24898352
1,1,0.15638675,0.44043368,0.4031796
0,0,0.3942093,0.28328073,0.32251
0,0,0.37268987,0.29481992,0.33249015
0,0,0.4795252,0.23929945,0.28117535
2,0,0.37884966,0.28888565,0.33226475
1,1,0.09151506,0.5044192,0.40406582
2,1,0.12235051,0.47087273,0.40677673
0,0,0.53144634,0.213936,0.2546177
2,0,0.48694277,0.23615456,0.27690265
0,0,0.417834,0.26318356,0.31898245
1,1,0.074409,0.5192246,0.40636647
2,0,0.52483404,0.21470626,0.26045972
2,0,0.3835208,0.28984842,0.3266308
0,0,0.41794357,0.26875797,0.31329843
1,0,0.5040424,0.22580285,0.27015474
1,0,0.41956574,0.270809,0.30962527
0,1,0.19009781,0.41801122,0.391891
0,0,0.5159934,0.22054866,0.26345795
1,0,0.5184297,0.21927802,0.2622923
0,0,0.43883207,0.25883558,0.3023323
0,0,0.5055898,0.22385454,0.27055565
0,1,0.12603962,0.4650038,0.4089566
0,1,0.19454941,0.41924754,0.38620302
2,1,0.06872293,0.52439183,0.40688524
2,0,0.366496,0.28957075,0.34393325
2,0,0.4190556,0.26643965,0.31450477
0,0,0.37901354,0.2894931,0.33149332
0,0,0.4745929,0.24008918,0.285318
0,0,0.47997305,0.23964506,0.28038195
2,1,0.08036833,0.5079048,0.41172686
1,1,0.20568122,0.40057692,0.3937418
1,1,0.0225966,0.58748114,0.38992223
0,0,0.48084486,0.23856099,0.28059408
1,0,0.55679566,0.19848055,0.24472377
1,1,0.15404345,0.44530615,0.4006504
1,1,0.07109138,0.5199007,0.40900788
2,0,0.42136073,0.26755697,0.3110822
0,0,0.39583108,0.28334075,0.32082817
2,1,0.17027092,0.43003055,0.39969853
1,0,0.35594025,0.3032241,0.3408356
1,1,0.121822335,0.4722077,0.40597004
2,0,0.40034607,0.2786859,0.320968
0,0,0.51225823,0.22109233,0.26664937
1,0,0.39197385,0.28436852,0.32365763
1,1,0.1955888,0.41742122,0.38699
0,0,0.51604325,0.22029348,0.26366332
1,0,0.54110855,0.20890103,0.24999042
1,1,0.02535894,0.5849436,0.3896974
2,1,0.07911756,0.51056314,0.41031936
0,0,0.52046573,0.21687724,0.262657
0,0,0.4723984,0.24332643,0.28427517
1,0,0.46810833,0.24284582,0.2890458
2,1,0.13076003,0.4596147,0.40962535
0,0,0.51023406,0.22268078,0.26708522
1,0,0.5317514,0.21085982,0.25738877
1,0,0.45626158,0.24819064,0.2955478
0,0,0.5150752,0.21953124,0.26539353
1,1,0.048735794,0.54767853,0.4035857
0,0,0.4827183,0.23578858,0.2814931
1,2,0.3398337,0.31280538,0.34736094
0,0,0.36281127,0.302498,0.33469072
1,0,0.44236666,0.2566764,0.30095685
2,1,0.06461642,0.5298628,0.40552077
0,2,0.28436065,0.34532595,0.3703134
0,0,0.44240087,0.25403953,0.30355963
2,1,0.12510937,0.4697555,0.4051351
0,0,0.4337278,0.26000983,0.30626243
2,1,0.19769235,0.41165724,0.39065036
0,0,0.41994745,0.27087384,0.3091787
2,1,0.13019732,0.46963903,0.40016368
0,0,0.4799522,0.23655985,0.28348795
1,1,0.024302242,0.5842748,0.39142284
1,0,0.4461476,0.2534971,0.30035537
1,1,0.039918575,0.5594634,0.40061805
1,0,0.38066566,0.28722224,0.33211213
1,0,0.46996987,0.24462529,0.28540486
1,1,0.18240933,0.4230261,0.39456448
2,1,0.114339106,0.47751445,0.40814647
2,0,0.49331823,0.23164435,0.2750375
0,0,0.5258003,0.21549271,0.258707
1,1,0.04076624,0.557445,0.40178886
1,0,0.43729913,0.2520621,0.3106387
0,0,0.483567,0.2365589,0.27987406
0,0,0.49412698,0.23012,0.27575302
2,2,0.30179408,0.33566982,0.362536
0,0,0.5052025,0.22260655,0.27219096
0,0,0.37268174,0.2951064,0.33221188
1,0,0.51446015,0.2192482,0.26629168
2,1,0.06633479,0.5269109,0.40675437
0,0,0.3870196,0.2824729,0.33050755
0,0,0.49561885,0.22891091,0.2754702
2,0,0.47410023,0.23958588,0.28631398
2,0,0.39458913,0.28514355,0.32026735
1,1,0.12044442,0.4712408,0.40831482
1,1,0.12072307,0.47313714,0.40613982
1,2,0.2504548,0.3726205,0.3769247
2,0,0.4829279,0.23654224,0.28052992
0,0,0.51345944,0.22004841,0.26649216
1,1,0.119801596,0.47444636,0.40575212
2,1,0.23341392,0.3847026,0.38188344
1,2,0.2620307,0.3578359,0.38013342
0,0,0.53903365,0.20749961,0.25346673
0,1,0.032712582,0.5748009,0.39248648
2,0,0.39206284,0.27884912,0.3290881
0,0,0.47570226,0.23888223,0.2854155
1,1,0.18908134,0.4189802,0.39193848
1,1,0.021372957,0.5916173,0.38700965
2,0,0.48919258,0.23360632,0.27720112
0,0,0.51589596,0.22171053,0.2623935
1,0,0.48096254,0.23692696,0.2821105
0,0,0.49647638,0.22846152,0.27506208
0,2,0.33113533,0.3202751,0.3485896
1,2,0.2359457,0.3812309,0.3828234
2,1,0.25123003,0.37809414,0.37067583
1,0,0.40270305,0.27764946,0.31964752
2,0,0.50025946,0.2292156,0.27052498
0,0,0.46244285,0.248597,0.28896007
0,1,0.23535055,0.38246608,0.38218337
2,2,0.2989387,0.33898333,0.362078
1,1,0.1866312,0.41763932,0.3957295
0,2,0.25349456,0.3663449,0.3801605
0,0,0.5278254,0.21364252,0.25853208
1,0,0.49863943,0.22867793,0.27268267
2,1,0.036399618,0.56328195,0.4003184
1,0,0.49149567,0.2329731,0.27553132
1,1,0.23974995,0.38127518,0.37897485
1,1,0.08697212,0.5048592,0.4081687
1,1,0.08807097,0.50748485,0.40444413
2,1,0.048275903,0.5493822,0.4023418
0,1,0.21195015,0.3990858,0.38896406
0,0,0.4689089,0.24175043,0.2893406
1,0,0.5000395,0.23028548,0.26967496
2,0,0.4671563,0.24477798,0.2880658
2,0,0.4258763,0.26489902,0.3092247
2,0,0.46188772,0.24489562,0.29321665
2,1,0.10832779,0.47607365,0.4155985
0,0,0.51745903,0.21891658,0.26362443
2,1,0.07885183,0.51193434,0.40921384
2,0,0.40031025,0.2785183,0.32117143
1,1,0.07062545,0.5236007,0.40577385
2,0,0.5027149,0.22805442,0.26923066
2,0,0.37872627,0.2868709,0.33440295
2,1,0.11701663,0.47937235,0.40361094
0,0,0.4958966,0.230341,0.2737624
0,1,0.22469981,0.3911778,0.3841224
2,1,0.107876055,0.48757234,0.40455168
0,0,0.5481553,0.20198983,0.24985488
1,2,0.2775572,0.34982613,0.37261665
0,0,0.50814694,0.22533695,0.26651606
2,2,0.29954958,0.33517244,0.36527798
0,0,0.4637794,0.24507427,0.29114637
1,1,0.124622464,0.469913,0.40546456
0,0,0.52070796,0.21175812,0.267534
1,0,0.3764214,0.28959957,0.33397904
1,0,0.52923584,0.21325281,0.25751132
0,1,0.1958676,0.41794607,0.3861864
2,1,0.10878228,0.48622,0.40499765
0,0,0.49436286,0.23198639,0.27365083
2,0,0.523982,0.21701267,0.25900534
0,0,0.38754267,0.28749183,0.32496554
1,1,0.16981539,0.4404384,0.38974625
1,0,0.3579969,0.30212614,0.33987695
2,1,0.16338404,0.43380192,0.40281406
0,0,0.5059261,0.22389936,0.27017462
0,0,0.45436975,0.25334975,0.29228047
2,1,0.1985921,0.41588423,0.38552362
2,1,0.18640006,0.41823435,0.3953657
0,0,0.54818445,0.20330493,0.2485106
0,1,0.23572214,0.38359678,0.38068104
1,1,0.13829531,0.46004528,0.40165943
0,0,0.44163445,0.25570303,0.30266252
2,0,0.515542,0.22114016,0.2633179
2,0,0.40941912,0.27093565,0.31964523
0,0,0.4652684,0.24586743,0.28886414
1,2,0.3027051,0.33656195,0.36073294
0,0,0.3814535,0.28936094,0.32918558
0,1,0.07285648,0.517947,0.40919644
0,0,0.41606668,0.26832807,0.31560522
1,2,0.34019813,0.308779,0.35102293
2,0,0.50256944,0.22693032,0.27050024
0,0,0.4587379,0.2487226,0.29253957
2,0,0.42041388,0.26919183,0.3103943
1,0,0.4787708,0.23862219,0.28260696
1,0,0.48391682,0.23782904,0.27825415
2,0,0.5105748,0.22283329,0.26659194
1,1,0.19738251,0.4154909,0.3871266
1,1,0.022583952,0.59079516,0.38662094
2,2,0.34083495,0.3113859,0.34777912
1,2,0.30711678,0.3352747,0.35760847
1,1,0.21515368,0.39399466,0.3908517
2,0,0.47665113,0.24012026,0.28322864
1,0,0.526951,0.21570155,0.2573474
0,0,0.45628703,0.249199,0.294514
0,0,0.48884195,0.23292297,0.2782351
1,0,0.49648085,0.22953972,0.27397943
0,0,0.4809077,0.238155,0.2809373
1,1,0.07259549,0.52099466,0.40640986
0,0,0.35139588,0.3058641,0.34274
2,0,0.5300478,0.21621877,0.25373337
1,0,0.46772143,0.24435018,0.28792837
2,0,0.5058587,0.22563317,0.26850805
1,0,0.42082304,0.2656814,0.31349555
1,0,0.42737797,0.2649446,0.30767742
0,0,0.5022737,0.22728473,0.27044162
0,0,0.4697666,0.24459006,0.2856433
2,1,0.19029798,0.41993776,0.3897642
1,1,0.17225711,0.42816335,0.39957955
1,1,0.059334323,0.5373477,0.40331793
2,1,0.042803846,0.5549675,0.40222862
2,2,0.28871134,0.34189183,0.3693968
0,0,0.4914304,0.23279555,0.27577406
2,1,0.13357544,0.4645036,0.40192094
1,1,0.21119632,0.40348545,0.38531816
0,0,0.41646785,0.27249402,0.31103814
2,1,0.023130845,0.58661515,0.39025405
2,0,0.47918385,0.23947391,0.28134227
2,1,0.22303161,0.3924726,0.3844958
0,0,0.56784195,0.19560355,0.23655446
0,0,0.51426667,0.22025628,0.26547697
1,2,0.2554846,0.36733592,0.37717947
2,0,0.4852399,0.23710771,0.2776524
0,0,0.40927893,0.27544722,0.31527388
0,0,0.42392135,0.26230595,0.31377277
2,1,0.065643184,0.52458256,0.40977427
0,1,0.14553148,0.45407885,0.40038973
1,0,0.52949166,0.21236506,0.2581433
1,1,0.06688934,0.52418464,0.40892607
2,1,0.115086004,0.47956803,0.40534592
1,0,0.45707387,0.24633044,0.29659572
2,0,0.46610317,0.24650845,0.28738838
1,0,0.4623812,0.24337009,0.29424867
2,0,0.44229484,0.25781593,0.29988924
1,0,0.3733335,0.28948584,0.3371806
0,0,0.38279158,0.28788042,0.32932794
0,2,0.26878357,0.3581996,0.37301683
0,0,0.4970085,0.23110738,0.27188408
0,0,0.5195796,0.21829176,0.26212874
1,0,0.50282735,0.2272805,0.26989213
0,0,0.4860524,0.23536295,0.2785847
2,1,0.23662457,0.38835767,0.37501776
1,1,0.23656018,0.3860986,0.37734118
1,0,0.47535765,0.2374987,0.28714365
1,1,0.23248267,0.38662353,0.3808938
1,0,0.41678473,0.27302808,0.31018722
2,1,0.17748703,0.4314898,0.39102313
0,0,0.4883693,0.23465723,0.27697346
2,1,0.20065652,0.40215656,0.3971869
0,0,0.5448,0.20642631,0.24877378
2,0,0.34771696,0.30824548,0.34403756
1,1,0.16427545,0.43966055,0.396064
0,0,0.43516415,0.2588262,0.30600965
0,0,0.5045775,0.22544613,0.26997632
2,1,0.026055336,0.5812709,0.3926738
2,2,0.2916265,0.34077457,0.36759892
0,0,0.4579271,0.24905556,0.2930174
1,1,0.040251005,0.55782735,0.40192166
2,0,0.46483064,0.24278113,0.29238823
1,1,0.111334465,0.48621336,0.40245226
2,0,0.5072547,0.22517243,0.26757282
1,1,0.11826048,0.4761051,0.40563437
1,0,0.46085373,0.24640378,0.29274252
1,1,0.2325067,0.3882482,0.3792451
1,1,0.03725405,0.56222683,0.4005191
0,1,0.17101836,0.43245307,0.39652854
1,2,0.3277568,0.3209046,0.3513386
2,1,0.03405,0.5663889,0.39956105
2,0,0.41329876,0.26959828,0.31710303
0,0,0.4486122,0.25515178,0.29623598
1,1,0.23244753,0.38607302,0.3814794
1,1,0.20806096,0.39986035,0.39207867
1,1,0.15843324,0.44730702,0.39425975
1,1,0.2021195,0.4077442,0.39013627
0,0,0.41807652,0.27250716,0.3094163
1,2,0.28106174,0.35000783,0.3689304
1,1,0.01438676,0.61044043,0.3751728
2,1,0.13714531,0.46325928,0.3995954
1,1,0.17523295,0.42501485,0.39975217
0,0,0.4683809,0.24391018,0.2877089
2,0,0.5068133,0.22688542,0.26630127
2,0,0.463513,0.2408849,0.29560217
1,1,0.08792334,0.50665206,0.40542454
2,1,0.1125191,0.48677212,0.40070882
0,0,0.44471672,0.25488022,0.30040303
0,0,0.37348118,0.29269436,0.33382443
2,1,0.21763732,0.39675182,0.3856108
1,0,0.45388618,0.2549152,0.29119858
1,0,0.5016366,0.22452877,0.27383465
2,1,0.109285355,0.48804367,0.40267095
1,1,0.1944208,0.41790947,0.3876697
0,0,0.47930598,0.23899074,0.28170332
0,1,0.12085579,0.47133747,0.4078067
0,2,0.2713876,0.35729998,0.37131235
0,0,0.5288012,0.212303,0.25889587
2,0,0.38735944,0.2821479,0.33049262
1,0,0.36594224,0.29998222,0.33407554
1,1,0.20057914,0.41088143,0.38853946
0,0,0.36657247,0.29740143,0.33602616
2,1,0.19897202,0.41037893,0.39064914
0,2,0.2735409,0.35376438,0.3726947
2,0,0.5386556,0.20926005,0.25208437
1,2,0.25442663,0.37166286,0.3739105
2,1,0.13241155,0.4634899,0.4040985
2,1,0.082053885,0.51337785,0.40456823
2,0,0.36382926,0.30208898,0.33408177
1,1,0.049716365,0.5491608,0.40112284
1,2,0.29229957,0.34519792,0.3625025
0,0,0.5372643,0.20870425,0.25403142
1,1,0.13498892,0.4627665,0.4022446
0,0,0.46338323,0.24619842,0.2904183
0,0,0.47788936,0.23795553,0.28415516
1,1,0.18353148,0.4249055,0.39156294
0,0,0.5233718,0.21445413,0.262174
2,2,0.33343711,0.31815976,0.34840313
2,0,0.56552875,0.19630359,0.2381676
0,0,0.49913448,0.22883645,0.272029
1,2,0.25865373,0.36548603,0.37586027
0,0,0.38689002,0.2870542,0.32605577
0,2,0.30778077,0.33129793,0.3609213
2,1,0.16074947,0.4451791,0.3940714
1,2,0.30127653,0.34039226,0.3583312
2,0,0.45235205,0.2527933,0.29485467
1,0,0.4927652,0.2342561,0.27297875
1,2,0.32069397,0.32652473,0.35278127
1,0,0.5408517,0.20467485,0.25447345
0,0,0.43910465,0.25946215,0.30143318
2,1,0.109373055,0.48296702,0.40765995
0,0,0.4354735,0.26020572,0.30432075
2,2,0.28368977,0.3450889,0.37122136
0,0,0.5265757,0.21405646,0.25936788
2,0,0.5093011,0.22474164,0.2659572
0,0,0.4907326,0.23250146,0.2767659
0,0,0.5202341,0.21681713,0.2629488
2,2,0.3382694,0.3052705,0.35646012
1,1,0.11944387,0.4736337,0.40692243
0,0,0.48693937,0.23571561,0.27734497
0,2,0.2811581,0.34906778,0.36977416
1,1,0.22981331,0.3915727,0.37861404
0,0,0.3588788,0.29836825,0.34275293
2,1,0.09040067,0.49927554,0.41032386
2,1,0.1750186,0.42557272,0.39940864
0,0,0.35980794,0.30506384,0.33512822
2,0,0.36828828,0.2926248,0.33908692
0,0,0.5108467,0.22180064,0.26735264
2,1,0.0078972345,0.6321597,0.3599431
1,0,0.46428025,0.24690738,0.2888124
0,0,0.3604102,0.3005362,0.3390536
2,1,0.156571,0.44265804,0.40077093
1,1,0.23649445,0.38409695,0.3794086
1,0,0.5349438,0.20910253,0.25595364
0,0,0.52679986,0.21457118,0.258629
1,1,0.17122719,0.43092898,0.3978439
2,0,0.39745316,0.28072,0.32182693
0,1,0.17749171,0.43041927,0.39208898
0,0,0.45429683,0.25080052,0.29490265
1,1,0.084123395,0.50929093,0.40658572
1,0,0.47593427,0.24202825,0.2820374
1,2,0.26887938,0.3621385,0.36898214
1,1,0.07197094,0.5199325,0.40809652
2,2,0.34505147,0.3019192,0.35302937
2,1,0.13047142,0.4638392,0.40568942
2,2,0.25863248,0.3565974,0.38477007
2,0,0.43126628,0.262457,0.3062767
1,1,0.12939836,0.46420208,0.40639958
0,0,0.36377046,0.3030351,0.3331944
2,1,0.15315352,0.45046613,0.3963804
2,1,0.06475365,0.52606606,0.40918034
0,0,0.36055487,0.29918554,0.3402595
1,0,0.5054283,0.22674346,0.26782826
0,0,0.54089046,0.21027401,0.24883555
0,0,0.42905197,0.25918007,0.311768
1,0,0.40396735,0.27733725,0.3186954
2,2,0.3445663,0.30607066,0.3493631
2,0,0.3937692,0.28097537,0.32525542
2,1,0.04144224,0.56071645,0.39784133
1,1,0.12884527,0.46564648,0.40550828
2,0,0.44321382,0.25577846,0.30100766
0,0,0.525856,0.21472178,0.25942215
2,0,0.5122331,0.22204018,0.26572666
0,0,0.5459306,0.20569177,0.2483776
2,1,0.10692019,0.48167437,0.41140544
1,2,0.26976812,0.35871056,0.37152123
2,0,0.5147817,0.22263654,0.2625817
1,0,0.38761216,0.28130516,0.33108264
1,0,0.39175326,0.28857723,0.31966954
2,1,0.024453348,0.58783036,0.38771632
0,0,0.36134523,0.30031496,0.3383398
2,1,0.014908866,0.6085956,0.37649557
0,1,0.07347737,0.5186906,0.40783203
2,0,0.45677137,0.24431914,0.29890954
1,1,0.18498287,0.42634547,0.38867167
1,1,0.124442615,0.47390363,0.40165377
1,1,0.18512094,0.42320257,0.39167643
1,0,0.45345557,0.25066835,0.29587606
0,0,0.52277255,0.2179881,0.25923935
1,1,0.15240748,0.45330545,0.39428705
0,0,0.50442594,0.22778104,0.267793
2,0,0.5493427,0.20269455,0.24796276
0,1,0.12567995,0.47019204,0.40412796
1,0,0.49290022,0.22875357,0.2783461
1,2,0.26969945,0.35635024,0.37395033
2,1,0.13168186,0.46546188,0.40285623
1,1,0.10741504,0.48510155,0.4074834
0,0,0.49460614,0.2296301,0.27576384
1,2,0.3170275,0.32325548,0.359717
2,1,0.039366376,0.56038374,0.40024987
1,2,0.282218,0.35035872,0.36742327
2,0,0.44259182,0.25551644,0.3018918
0,0,0.4623508,0.24268791,0.29496127
2,0,0.41186225,0.27402803,0.31410968
1,0,0.50932515,0.22216961,0.26850513
0,0,0.49700516,0.22745885,0.27553606
1,1,0.11530976,0.48165503,0.40303513
2,0,0.5212339,0.21809284,0.2606732
0,0,0.49890462,0.22855628,0.27253914
0,0,0.3828861,0.28897178,0.3281421
1,1,0.026061231,0.5849139,0.38902482
2,0,0.50835735,0.22257283,0.2690698
2,0,0.44904885,0.254076,0.2968751
0,0,0.51789063,0.21980283,0.26230654
1,0,0.4600075,0.24485672,0.29513586
2,1,0.025580537,0.58443385,0.3899856
1,0,0.49634925,0.22932762,0.27432314
2,0,0.47799683,0.23786618,0.284137
0,0,0.5251021,0.21642889,0.25846896
1,1,0.20044851,0.40854442,0.3910071
2,0,0.4683757,0.24166717,0.28995717
0,0,0.38009337,0.29041332,0.3294933
0,0,0.5093674,0.22269477,0.2679378
2,0,0.37289944,0.29160023,0.33550033
2,1,0.21127188,0.40568697,0.38304117
1,0,0.4051489,0.27489546,0.31995565
1,0,0.4812061,0.23735233,0.28144154
0,0,0.5089775,0.2249066,0.26611596
0,0,0.43542513,0.25745952,0.3071153
2,2,0.29730937,0.3379828,0.36470786
2,0,0.52075493,0.21709374,0.26215136
0,0,0.5352175,0.21026039,0.25452203
2,1,0.080828294,0.5101177,0.40905404
1,1,0.21565571,0.39844894,0.38589525
1,0,0.38410386,0.28473386,0.33116227
2,2,0.32375693,0.31948525,0.3567578
2,1,0.106842995,0.49230295,0.40085405
2,0,0.37876827,0.28968352,0.3315482
1,0,0.44655553,0.25462222,0.2988223
1,0,0.46350878,0.24734162,0.2891496
2,1,0.042471178,0.553601,0.40392783
0,0,0.46952757,0.24065264,0.28981987
1,1,0.025971133,0.5802622,0.3937667
2,0,0.4034028,0.2779757,0.31862146
1,0,0.5091174,0.22234212,0.26854038
2,0,0.5396622,0.20881908,0.2515187
2,1,0.068145916,0.52221096,0.4096431
2,1,0.20475265,0.40442652,0.39082083
2,1,0.18002254,0.42396298,0.39601454
0,2,0.2512492,0.36718053,0.38157028
2,0,0.4172652,0.26775277,0.31498203
2,1,0.14352636,0.456745,0.3997287
2,0,0.44863275,0.2540747,0.29729256
2,1,0.1934348,0.41885465,0.3877105
1,0,0.43156236,0.26098293,0.30745474
0,0,0.50382984,0.22564758,0.27052256
0,0,0.46819502,0.24410833,0.28769663
2,0,0.4789797,0.23832361,0.28269672
2,0,0.48088086,0.23881295,0.28030613
0,0,0.5160927,0.21906084,0.26484653
2,0,0.50987065,0.22298165,0.26714775
2,0,0.4090776,0.2677708,0.3231515
0,0,0.5147423,0.22034702,0.2649107
2,0,0.46666273,0.243155,0.2901823
0,0,0.483908,0.23729198,0.2788
0,0,0.48204187,0.23691417,0.281044
0,1,0.19566502,0.41297543,0.39135954
0,0,0.54083407,0.2078691,0.25129685
0,0,0.5052243,0.22362582,0.27114987
2,0,0.4830549,0.23569988,0.28124523
1,1,0.21900187,0.39398625,0.3870119
1,1,0.1178342,0.4798227,0.40234312
0,0,0.5189379,0.21970503,0.26135707
0,0,0.4594262,0.24763148,0.29294232
2,0,0.34916902,0.31073183,0.34009922
2,1,0.03435063,0.57041764,0.39523175
2,0,0.34840432,0.30746353,0.34413216
2,0,0.41631487,0.272423,0.31126216
0,1,0.20413592,0.40651077,0.3893534
0,0,0.4574464,0.25103265,0.29152098
0,0,0.50758296,0.22408575,0.2683313
2,1,0.12684007,0.46781042,0.40534958
2,1,0.20060721,0.408913,0.3904798
2,0,0.38971007,0.28413776,0.3261522
1,0,0.40824914,0.2744578,0.317293
1,0,0.56094736,0.19656824,0.24248432
2,2,0.29559934,0.34447658,0.35992408
2,0,0.4889011,0.23292452,0.27817446
2,1,0.13060834,0.46149397,0.4078977
1,1,0.21888024,0.39543816,0.38568154
2,0,0.47329214,0.24134745,0.2853604
0,0,0.51302177,0.2221967,0.26478148
2,1,0.04533123,0.5542676,0.40040123
1,1,0.084592454,0.51271474,0.40269276
2,1,0.1855432,0.4238112,0.39064556
1,0,0.5290931,0.2123287,0.2585782
2,1,0.20497383,0.40795183,0.38707435
1,1,0.12167056,0.4783062,0.40002325
0,0,0.46686283,0.24461979,0.2885174
1,1,0.12951389,0.45710266,0.4133835
2,2,0.33529088,0.3204372,0.34427193
1,1,0.049878936,0.5452924,0.40482867
2,0,0.46569258,0.24367355,0.2906338
0,0,0.5068787,0.22062093,0.27250043
0,0,0.47508785,0.23956916,0.285343
0,0,0.4136401,0.2703924,0.31596753
0,0,0.5466412,0.20528977,0.24806908
2,0,0.5340905,0.20992823,0.25598133
1,0,0.5409798,0.20555313,0.253467
2,0,0.48859504,0.23410496,0.27729997
1,0,0.53694695,0.20970269,0.25335035
2,0,0.47554883,0.24081022,0.283641
0,0,0.5529043,0.20047629,0.24661942
0,0,0.44609952,0.25305414,0.3008464
2,1,0.081903145,0.5078252,0.41027167
2,0,0.4820628,0.23621102,0.2817262
1,0,0.49029362,0.22998625,0.27972025
1,1,0.07534172,0.5174121,0.40724617
2,0,0.4882261,0.23318468,0.27858925
0,1,0.24691688,0.3781799,0.3749032
0,0,0.4792514,0.23832572,0.28242278
1,1,0.0749666,0.5176774,0.40735596
1,1,0.19618706,0.41175398,0.392059
0,0,0.46341968,0.24887063,0.28770968
2,1,0.043992776,0.5519403,0.40406683
2,2,0.29351342,0.3462253,0.36026123
1,1,0.16403697,0.4377464,0.39821658
1,0,0.4939196,0.23284887,0.27323154
2,0,0.4737667,0.2402456,0.2859877
2,0,0.48348528,0.23468794,0.28182676
0,1,0.1932593,0.41408345,0.39265725
0,0,0.49491024,0.23014937,0.27494034
1,1,0.07249426,0.51773304,0.40977266
1,2,0.31894156,0.32578966,0.35526878
0,0,0.53834516,0.20879088,0.2528639
0,0,0.38934043,0.28248802,0.3281716
1,1,0.04105647,0.56045485,0.39848864
1,0,0.43559995,0.26049995,0.3039001
2,1,0.113029435,0.47651747,0.41045305
2,0,0.3611354,0.30517483,0.3336898
1,0,0.5120319,0.22461845,0.26334962
0,0,0.36052772,0.29949856,0.33997372
1,1,0.21075216,0.39847976,0.39076805
2,0,0.4756242,0.2393219,0.28505388
0,0,0.49229896,0.23204495,0.27565607
2,0,0.47026196,0.2425383,0.2871998
0,0,0.5202327,0.2182899,0.26147744
2,0,0.43216598,0.26155925,0.30627477
0,0,0.49610713,0.22903924,0.2748537
1,0,0.45604834,0.24997771,0.2939739
0,0,0.49522528,0.2319466,0.27282813
1,0,0.44482765,0.25199956,0.30317283
0,0,0.515241,0.21925414,0.26550493
2,1,0.18256904,0.42357045,0.3938604
2,0,0.4995629,0.22731532,0.27312174
2,2,0.2598383,0.36060837,0.37955332
1,0,0.5194399,0.21734233,0.26321772
1,0,0.5017125,0.22765198,0.27063555
2,1,0.038827695,0.56146455,0.39970785
0,1,0.23947407,0.3823967,0.37812924
0,0,0.38344452,0.28414407,0.3324114
0,0,0.47468904,0.23944445,0.2858664
0,0,0.49673763,0.23077022,0.27249214
0,0,0.5259255,0.21514902,0.2589254
0,1,0.06879725,0.5247391,0.4064636
1,0,0.45613602,0.2509038,0.2929602
2,0,0.48747522,0.23631497,0.27620983
1,0,0.45927665,0.24759078,0.2931326
1,0,0.41707984,0.26791716,0.31500307
0,0,0.49819478,0.22967309,0.2721321
2,0,0.49089426,0.2335527,0.27555308
2,1,0.1797865,0.42482242,0.39539108
0,0,0.49188063,0.23097487,0.2771445
1,0,0.5433669,0.20439269,0.2522404
0,0,0.45163777,0.2508513,0.29751092
1,1,0.19261424,0.41175705,0.39562875
0,0,0.39182526,0.2828083,0.32536647
0,2,0.32352856,0.32456708,0.35190433
1,1,0.12576006,0.4750963,0.3991437
2,2,0.23634942,0.3812513,0.38239932
1,1,0.14347675,0.45567355,0.40084973
2,0,0.5187843,0.2163202,0.26489553
0,0,0.5256532,0.21615516,0.25819173
0,0,0.53798944,0.21031597,0.25169465
1,1,0.14465669,0.45208007,0.40326315
1,0,0.39077634,0.28023574,0.32898793
1,0,0.5141515,0.21922754,0.26662093
1,1,0.07145863,0.5199657,0.4085757
2,1,0.17887992,0.42832902,0.39279106
2,0,0.48830846,0.23524599,0.2764456
1,1,0.07001267,0.52263916,0.40734813
2,0,0.5352508,0.21058953,0.25415966
1,2,0.25352046,0.37127817,0.3752013
0,0,0.41917646,0.2649067,0.31591687
1,0,0.47754335,0.238596,0.2838606
0,0,0.49430344,0.23097998,0.2747166
2,0,0.45484588,0.2506467,0.2945074
1,1,0.040609434,0.5550943,0.4042963
0,0,0.4578198,0.24891162,0.29326865
2,0,0.4517079,0.24834013,0.29995194
2,0,0.4437638,0.2568285,0.29940772
2,0,0.49318647,0.23053862,0.2762749
1,0,0.4921866,0.23190497,0.27590847
2,0,0.5032152,0.22389668,0.27288812
0,0,0.45270228,0.25346604,0.2938316
1,0,0.548881,0.20268095,0.24843808
0,2,0.28502512,0.34789258,0.3670823
2,0,0.4344478,0.2581825,0.3073698
1,0,0.35021335,0.3077234,0.34206328
1,1,0.20940077,0.40230128,0.38829792
0,0,0.51167,0.21954969,0.26878032
2,0,0.50270575,0.22661692,0.27067736
2,0,0.54979473,0.20035188,0.24985337
2,0,0.40040225,0.28283805,0.3167597
2,0,0.5305955,0.2110403,0.2583642
2,0,0.4237782,0.26124394,0.3149778
0,0,0.4698184,0.24312435,0.28705716
2,0,0.38998353,0.28013507,0.32988146
1,1,0.02502102,0.5821773,0.39280164
1,1,0.19421738,0.41108844,0.39469418
1,0,0.40407962,0.27799866,0.3179217
1,1,0.08131356,0.514362,0.4043244
2,2,0.269428,0.3623458,0.3682262
1,1,0.15133591,0.447878,0.40078616
1,1,0.13180529,0.4637507,0.4044441
0,0,0.52484673,0.21311873,0.26203454
1,0,0.47861567,0.24191777,0.27946657
0,0,0.35744813,0.30201763,0.34053424
2,1,0.11878532,0.47250855,0.4087061
2,0,0.39916113,0.27952096,0.3213179
2,0,0.49274412,0.23105073,0.27620515
1,1,0.20950373,0.4032298,0.38726646
0,2,0.32068548,0.32165274,0.35766178
2,1,0.07011672,0.5249978,0.40488544
0,0,0.35583964,0.29974613,0.34441426
0,1,0.19201483,0.41257173,0.39541346
1,1,0.041248348,0.55824023,0.4005114
2,0,0.4373993,0.26022,0.30238074
0,0,0.51428425,0.22134195,0.2643738
1,1,0.013467968,0.6110267,0.3755053
1,1,0.07598552,0.51564634,0.40836817
2,1,0.041953854,0.5569566,0.40108964
0,0,0.44683188,0.2558556,0.2973126
0,0,0.37699637,0.28945392,0.33354965
1,1,0.13462085,0.4645622,0.40081698
0,0,0.40973032,0.27647588,0.3137938
1,0,0.4896975,0.23433743,0.27596515
2,0,0.38675356,0.2825354,0.33071104
0,0,0.45297536,0.25291547,0.29410914
2,0,0.4464097,0.25234884,0.30124143
0,0,0.4967811,0.22716284,0.27605608
1,1,0.14864926,0.45330462,0.39804608
0,0,0.40851974,0.2730401,0.3184402
0,0,0.4022406,0.27192226,0.3258371
0,0,0.4656664,0.24478394,0.28954965
2,0,0.51175815,0.22172448,0.26651725
2,0,0.45929042,0.2476948,0.29301476
1,1,0.037554868,0.56126624,0.40117893
1,1,0.02353395,0.5844537,0.39201227
1,1,0.0633299,0.536314,0.4003561
2,1,0.11964748,0.47206727,0.40828523
2,1,0.038918983,0.5608547,0.4002263
2,0,0.43082738,0.26161677,0.30755588
2,0,0.42321578,0.26801994,0.30876428
1,0,0.3662341,0.29707444,0.33669147
1,0,0.46972823,0.24283397,0.28743783
1,0,0.48118684,0.23735255,0.28146058
2,1,0.21995075,0.39484587,0.38520333
0,0,0.48148876,0.2385899,0.27992135
1,0,0.52195907,0.21762651,0.26041442
2,0,0.4721972,0.24182884,0.285974
1,0,0.44438258,0.25718114,0.29843634
1,0,0.5543964,0.19998047,0.24562307
0,0,0.5478462,0.20301975,0.2491341
2,0,0.5419452,0.20799091,0.25006387
0,0,0.43742236,0.26110435,0.30147332
2,0,0.41118762,0.27245882,0.31635356
2,0,0.41442832,0.2713559,0.31421575
1,1,0.19231607,0.42127162,0.38641232
1,2,0.29963028,0.33970013,0.3606696
2,0,0.41903558,0.26974523,0.31121913
0,0,0.46605396,0.24558531,0.2883607
2,1,0.20547284,0.39780146,0.39672568
1,0,0.5482689,0.20370321,0.24802783
1,0,0.45963636,0.24712671,0.293237
2,0,0.43923756,0.2557936,0.30496883
1,0,0.49625176,0.22917621,0.27457204
0,0,0.43363175,0.26281506,0.30355325
0,0,0.452822,0.25129184,0.29588616
2,0,0.5010592,0.2277351,0.2712058
0,1,0.10385953,0.48604625,0.41009426
0,0,0.48186973,0.23459513,0.2835351
1,0,0.4077444,0.27241236,0.31984326
1,1,0.04393831,0.5520744,0.40398726
0,0,0.517695,0.22038795,0.26191702
1,1,0.22625235,0.38993263,0.38381508
0,0,0.412926,0.26837486,0.31869915
1,1,0.040740363,0.55919594,0.40006366
2,1,0.19024943,0.4120964,0.39765424
2,0,0.45363203,0.249562,0.29680598
0,0,0.50171655,0.22647989,0.27180365
1,1,0.10443748,0.48887002,0.40669245
0,0,0.47890192,0.23826256,0.28283545
0,0,0.43336603,0.26160994,0.3050241
0,0,0.44893807,0.25294322,0.2981187
1,1,0.07214415,0.5167826,0.4110732
0,0,0.50891334,0.2259976,0.2650891
2,1,0.06822107,0.5216677,0.41011122
0,0,0.39855897,0.27660403,0.32483703
2,1,0.1303068,0.46097285,0.40872034
1,0,0.45850804,0.2482483,0.29324377
2,1,0.22035693,0.39256015,0.38708284
1,1,0.06893337,0.5213708,0.4096958
2,2,0.30485162,0.33526555,0.35988286
0,0,0.44828868,0.25575626,0.29595512
0,0,0.5036805,0.22631755,0.27000192
1,0,0.4801746,0.23603643,0.283789
0,2,0.2659223,0.36080295,0.3732747
1,1,0.068340756,0.52458876,0.40707043
1,1,0.17207354,0.42728466,0.40064177
0,0,0.414811,0.26908833,0.31610066
0,0,0.40855452,0.2751421,0.31630337
1,1,0.040982686,0.55849105,0.40052623
0,0,0.38646296,0.28337064,0.33016643
2,1,0.063911855,0.5310404,0.40504783
1,1,0.16157295,0.43507442,0.40335268
2,0,0.3704684,0.29720795,0.3323236
0,0,0.48499796,0.23347019,0.28153184
1,0,0.48879465,0.2336482,0.27755713
0,1,0.12481586,0.47105238,0.40413174
0,0,0.55087274,0.20384046,0.2452868
2,0,0.49799398,0.22771856,0.27428746
1,2,0.29109442,0.34132877,0.3675768
2,1,0.16749911,0.43448585,0.39801505
2,0,0.43273216,0.26338375,0.30388406
1,0,0.49197784,0.232422,0.27560022
2,1,0.07409034,0.5173013,0.40860832
2,1,0.038054954,0.5643389,0.3976061
1,0,0.51114476,0.22438525,0.26446998
0,2,0.29638267,0.33981022,0.36380705
1,0,0.41491422,0.27155587,0.31352988
0,0,0.41015324,0.27401116,0.3158356
0,0,0.52520454,0.2145686,0.26022694
2,0,0.4492575,0.25313398,0.29760846
1,0,0.42036387,0.26563093,0.31400514
1,0,0.523272,0.21620607,0.2605219
2,0,0.48170072,0.23536417,0.2829351
0,0,0.47266084,0.23945968,0.2878795
0,0,0.36244175,0.29930013,0.3382581
2,1,0.09594622,0.4989474,0.40510643
2,1,0.23006985,0.39112043,0.37880972
1,1,0.022387745,0.58742356,0.3901887
1,1,0.12624665,0.4640205,0.40973285
2,1,0.11324122,0.48150072,0.40525806
1,0,0.43431607,0.26138535,0.30429855
0,2,0.33794978,0.31628662,0.34576353
1,1,0.103987925,0.48647124,0.4095408
0,0,0.49567375,0.2316186,0.2727076
1,1,0.0840772,0.50700164,0.4089212
2,2,0.25632632,0.36510524,0.3785684
1,1,0.13487744,0.46060959,0.404513
0,0,0.47498986,0.23964755,0.28536266
2,2,0.2553985,0.3705121,0.37408942
1,1,0.08318278,0.5109462,0.40587097
0,0,0.44353032,0.25340617,0.30306348
0,1,0.114592366,0.47498518,0.41042247
0,0,0.5083603,0.22542995,0.26620978
1,0,0.5188902,0.21817829,0.26293153
0,0,0.4701463,0.24021016,0.28964356
0,0,0.46519884,0.24615079,0.28865036
0,0,0.52573144,0.21480878,0.25945976
1,0,0.45936778,0.24920979,0.29142243
0,1,0.07874239,0.5153186,0.40593907
2,2,0.23970792,0.38009647,0.38019565
0,0,0.40742794,0.27508375,0.3174883
1,1,0.17504275,0.43221858,0.39273864
2,0,0.46303454,0.24765421,0.28931132
2,0,0.46215108,0.24558839,0.29226053
2,1,0.22743376,0.3937801,0.37878612
0,0,0.5154439,0.21675168,0.26780438
2,1,0.13186163,0.46538755,0.40275082
2,1,0.18866554,0.4173774,0.39395705
0,0,0.5198339,0.21995625,0.26020986
0,0,0.49111116,0.23261662,0.27627224
2,2,0.25421104,0.37202016,0.37376875
1,2,0.23556763,0.37874067,0.3856917
1,1,0.14634146,0.45525566,0.39840287
0,0,0.550531,0.20364389,0.24582505
1,1,0.043623377,0.5585848,0.3977918
1,0,0.4623398,0.24454412,0.293116
0,0,0.50571203,0.22870868,0.2655792
0,0,0.48481986,0.23579681,0.27938336
0,0,0.37772605,0.2860687,0.33620527
0,2,0.31251094,0.3302518,0.35723725
2,1,0.22327292,0.39251116,0.38421595
1,1,0.047540326,0.55109066,0.40136904
0,0,0.51964515,0.21848956,0.26186523
0,0,0.4275642,0.26625147,0.30618438
2,0,0.5087386,0.22583063,0.26543078
2,0,0.37592682,0.28544876,0.33862436
0,0,0.41812968,0.2662985,0.31557178
1,1,0.04702938,0.5520473,0.40092337
0,0,0.5399552,0.208488,0.2515568
2,0,0.4529187,0.24875097,0.2983303
2,1,0.078150466,0.5132658,0.4085837
0,0,0.5409844,0.2067503,0.25226527
2,2,0.2555613,0.36997202,0.3744667
2,1,0.21475187,0.3926288,0.39261937
1,0,0.5307656,0.21263859,0.2565958
2,0,0.5183778,0.22058237,0.26103988
0,0,0.48073575,0.23895262,0.28031173
1,0,0.38035184,0.2942373,0.32541087
1,1,0.07008029,0.5208434,0.40907636
1,1,0.15297548,0.44585994,0.40116456
1,2,0.27802512,0.35722223,0.3647526
1,2,0.26601785,0.36334598,0.37063622
1,1,0.012945415,0.6132282,0.37382635
0,0,0.52659225,0.21433824,0.25906947
2,0,0.50225055,0.22707203,0.27067745
0,0,0.50730973,0.22410733,0.26858297
2,1,0.17622823,0.42642072,0.39735112
2,0,0.492546,0.2317022,0.27575174
0,0,0.49103332,0.23120244,0.27776423
2,1,0.119680904,0.47476426,0.4055548
0,0,0.5071457,0.22413567,0.26871857
1,1,0.02787232,0.5809747,0.39115298
1,0,0.51701313,0.22052383,0.26246312
2,1,0.19364852,0.41129765,0.3950539
1,0,0.45407826,0.24953572,0.29638606
2,0,0.51584655,0.21971123,0.2644423
0,0,0.47713235,0.24122827,0.28163937
0,2,0.32312447,0.3232193,0.35365614
0,1,0.22071022,0.39515576,0.384134
2,1,0.11669252,0.48002315,0.4032844
1,2,0.24551968,0.37342715,0.38105324
0,0,0.46308905,0.24749744,0.28941357
2,0,0.47017887,0.24405815,0.285763
0,1,0.20033145,0.40724713,0.39242145
0,0,0.48066226,0.23571177,0.28362593
0,0,0.44011945,0.25802705,0.30185342
2,0,0.37947002,0.28900084,0.33152914
2,0,0.5337869,0.21061713,0.25559607
0,0,0.5001036,0.22702189,0.2728745
1,1,0.22516507,0.39705455,0.37778038
0,1,0.039545402,0.5583843,0.40207025
1,2,0.3001645,0.33665285,0.36318266
1,0,0.36426318,0.29942888,0.33630794
2,1,0.18243878,0.42136776,0.3961935
1,0,0.42459285,0.26080948,0.3145976
1,1,0.12281851,0.47546735,0.40171415
0,0,0.432958,0.26258722,0.3044547
0,2,0.33561268,0.31252465,0.35186267
0,0,0.5062049,0.22533739,0.26845768
1,1,0.108457334,0.4861672,0.40537545
1,1,0.024894256,0.5828638,0.3922419
2,0,0.42786884,0.26165095,0.31048015
1,1,0.23876484,0.38234538,0.37888977
2,1,0.18644291,0.42337292,0.39018422
2,0,0.5203538,0.21870579,0.2609404
1,2,0.28586134,0.34630772,0.36783093
0,0,0.4933308,0.22961897,0.27705026
2,0,0.34958604,0.30376032,0.34665367
0,1,0.16550471,0.43653598,0.39795935
2,2,0.2704508,0.36038688,0.36916238
0,2,0.2946162,0.3425007,0.36288312
0,0,0.45008776,0.2544841,0.29542813
1,1,0.14881203,0.45030358,0.40088445
1,0,0.4996463,0.2264728,0.27388087
2,0,0.40776235,0.27449954,0.31773812
2,0,0.52210724,0.2178676,0.2600252
2,1,0.21962893,0.392504,0.38786715
0,0,0.48608488,0.23420197,0.27971318
2,1,0.06775822,0.524397,0.40784478
1,0,0.35566947,0.30481127,0.33951932
2,0,0.42385578,0.26866496,0.3074792
0,0,0.5337769,0.21136175,0.25486138
2,0,0.41687766,0.26982945,0.31329292
2,1,0.04087721,0.55856067,0.4005621
0,0,0.44777966,0.2552115,0.2970088
0,0,0.45877415,0.24805436,0.29317155
1,0,0.48256186,0.23625264,0.28118548
2,0,0.42344585,0.26716492,0.30938917
1,1,0.23606957,0.3851641,0.3787663
2,2,0.28101978,0.3411536,0.37782663
1,0,0.46414784,0.24590129,0.28995085
2,0,0.52291834,0.21721506,0.2598666
2,0,0.49906626,0.22761352,0.27332023
0,0,0.48518747,0.2357501,0.27906242
2,0,0.4463162,0.25360736,0.30007643
1,1,0.1389286,0.45852396,0.40254736
1,0,0.5079063,0.22432965,0.2677641
0,0,0.42246172,0.26600567,0.31153256
2,0,0.50446284,0.22650838,0.26902872
0,0,0.47815502,0.2407719,0.28107303
0,2,0.26026145,0.36442888,0.37530974
0,0,0.50051725,0.22610298,0.27337983
0,0,0.53691524,0.20869541,0.25438938
0,0,0.41723675,0.27266032,0.3101029
1,0,0.45722538,0.24690475,0.29586983
2,1,0.062438272,0.53210086,0.40546083
2,1,0.16651553,0.44148505,0.39199945
0,0,0.46451935,0.2478515,0.28762913
1,1,0.10778546,0.4844202,0.40779433
0,0,0.5053946,0.226963,0.26764238
1,1,0.042393066,0.5537158,0.40389112
1,1,0.1956607,0.41641384,0.38792545
2,2,0.32939345,0.31846216,0.35214442
0,0,0.50938207,0.22333845,0.26727954
2,1,0.11595505,0.48164904,0.40239584
2,1,0.2176626,0.39882013,0.38351724
1,1,0.22505917,0.3952394,0.37970147
2,0,0.3858099,0.28987744,0.32431272
1,0,0.47761586,0.23429306,0.28809115
0,0,0.52214116,0.21788386,0.25997496
2,2,0.28098896,0.34430763,0.37470344
1,0,0.490934,0.23386742,0.27519858
2,1,0.055374064,0.5383946,0.40623143
0,0,0.51267034,0.22290124,0.26442847
2,1,0.080936715,0.5104122,0.40865108
0,0,0.43389326,0.26159048,0.30451623
0,0,0.47648966,0.24105726,0.28245303
2,1,0.21089862,0.40019953,0.38890183
1,1,0.06684188,0.52821845,0.4049397
2,1,0.07708014,0.51588273,0.40703708
2,0,0.47828946,0.23593415,0.28577644
0,0,0.49564475,0.23081209,0.27354312
1,0,0.41893864,0.26916012,0.31190124
1,0,0.5053944,0.22297436,0.2716312
2,2,0.25562954,0.36413345,0.380237
2,1,0.25676528,0.37377837,0.36945638
0,0,0.5289484,0.21565756,0.25539398
0,0,0.4792729,0.23947808,0.2812491
1,1,0.042756926,0.5599494,0.3972937
2,1,0.037791822,0.5620191,0.40018913
2,1,0.11984581,0.47291362,0.4072405
1,2,0.32602564,0.31124312,0.36273128
0,0,0.48829487,0.23336475,0.27834037
1,1,0.046171203,0.54842275,0.40540606
1,1,0.09425584,0.5006539,0.40509027
0,0,0.49448892,0.23415627,0.27135482
0,0,0.4875495,0.23342486,0.27902567
2,1,0.18782645,0.42012748,0.39204612
0,0,0.44107413,0.25801277,0.3009131
1,0,0.51280516,0.22061624,0.2665786
0,0,0.50421524,0.22513218,0.2706526
0,1,0.194591,0.4145224,0.39088657
0,0,0.37908128,0.2902328,0.33068588
1,1,0.06578256,0.5268058,0.40741163
1,1,0.06758124,0.5256957,0.4067231
2,0,0.41744894,0.26939595,0.31315514
1,0,0.46790588,0.23832898,0.29376516
2,0,0.43693393,0.26012763,0.30293843
0,0,0.546808,0.20459741,0.24859452
1,0,0.4627393,0.24719469,0.2900661
2,1,0.20990229,0.40424004,0.3858577
1,1,0.10926794,0.4807838,0.40994817
0,0,0.5341222,0.2119115,0.25396627
0,0,0.45227513,0.2510348,0.29669005
2,0,0.48620602,0.23415032,0.27964354
1,1,0.042018276,0.55775225,0.40022945
0,0,0.4848326,0.23642577,0.27874163
2,1,0.10794182,0.48493505,0.40712324
0,1,0.17143027,0.4295039,0.39906576
1,1,0.22423299,0.39193147,0.3838355
2,2,0.325929,0.3240916,0.34997937
0,1,0.10560371,0.48658407,0.40781218
2,1,0.12317194,0.46994123,0.40688688
0,0,0.44942415,0.2554583,0.29511753
1,0,0.46659264,0.24179828,0.29160908
2,2,0.30410004,0.33440325,0.36149672
2,0,0.43938267,0.26022068,0.30039665
0,0,0.46713346,0.24751,0.28535655
2,1,0.074564286,0.51454747,0.4108882
0,1,0.17523998,0.4323279,0.3924321
0,0,0.34630004,0.31072265,0.34297732
0,0,0.50868994,0.22368416,0.26762593
0,0,0.46798944,0.24640067,0.28560987
2,0,0.40335548,0.2767329,0.3199117
0,2,0.2762548,0.34743282,0.37631238
2,1,0.15104698,0.45463842,0.3943146
1,2,0.32609057,0.32265183,0.35125756
1,1,0.114029415,0.4785917,0.40737897
1,2,0.3237005,0.32082143,0.35547808
2,0,0.4929107,0.23076877,0.27632052
1,0,0.48666936,0.2336681,0.27966246
0,0,0.4329993,0.26435974,0.30264103
0,0,0.52002966,0.2189491,0.26102123
2,0,0.47031528,0.2424348,0.28724995
1,0,0.35012636,0.3061613,0.34371233
0,0,0.51410466,0.22126886,0.26462644
1,1,0.1057087,0.48717943,0.40711188
2,1,0.16343807,0.439596,0.39696586
0,0,0.53804725,0.20897888,0.25297385
1,0,0.38597852,0.28562015,0.3284013
0,1,0.23650965,0.38582626,0.37766415
2,1,0.1230137,0.4662124,0.4107739
1,1,0.2014711,0.41188994,0.38663894
0,0,0.48470488,0.23679583,0.2784993
1,0,0.4575448,0.24977937,0.2926758
1,1,0.07634882,0.5151683,0.40848288
2,1,0.07567991,0.51836514,0.40595493
2,1,0.10259185,0.49002296,0.40738517
0,1,0.081195936,0.51283044,0.4059736
0,0,0.36780307,0.2967017,0.3354953
0,0,0.4777479,0.23623766,0.2860145
2,2,0.24764009,0.37525818,0.37710175
0,0,0.5071628,0.2232094,0.26962778
1,0,0.4064966,0.27792388,0.31557947
2,2,0.26539105,0.36132312,0.37328577
2,1,0.024456456,0.58559126,0.38995227
1,2,0.34129003,0.3167759,0.3419341
2,2,0.29952225,0.33840242,0.3620754
2,0,0.5113899,0.22389758,0.26471248
0,0,0.45380294,0.2496877,0.29650941
0,0,0.46793306,0.24537696,0.2866899
0,0,0.4871533,0.231994,0.28085276
2,0,0.44725952,0.25518635,0.29755414
0,0,0.5043844,0.22199656,0.27361903
1,2,0.32075447,0.3264934,0.35275212
1,1,0.17907614,0.42715585,0.393768
0,0,0.39734,0.28042543,0.32223457
1,2,0.2964271,0.33527514,0.36829776
0,2,0.2542065,0.37278417,0.37300938
2,1,0.16595635,0.43539757,0.39864612
0,0,0.5004116,0.2291962,0.27039218
2,1,0.21392012,0.3995869,0.386493
2,1,0.04300755,0.55352443,0.403468
0,1,0.19608298,0.41352224,0.39039472
1,0,0.47709447,0.2386487,0.28425682
1,0,0.43528432,0.25856203,0.30615368
2,0,0.3780556,0.2874538,0.3344905
0,1,0.2068459,0.4019353,0.39121878
2,0,0.46397415,0.24827284,0.28775305
2,1,0.1888262,0.42253762,0.38863626
2,0,0.43579412,0.26299456,0.30121136
0,0,0.5023295,0.22712407,0.2705464
1,0,0.5353652,0.21098095,0.2536538
1,1,0.1088002,0.48863932,0.40256047
0,0,0.49979195,0.22850311,0.2717049
0,0,0.46896732,0.242225,0.28880766
2,1,0.20769125,0.4060894,0.38621932
2,0,0.50834996,0.22580382,0.2658462
0,0,0.545264,0.20579085,0.24894513
2,1,0.18100692,0.42128235,0.39771077
2,2,0.34388068,0.31189016,0.34422913
1,1,0.10534536,0.48495924,0.40969536
1,1,0.11874446,0.47602913,0.40522644
2,0,0.51841617,0.21982613,0.26175767
2,0,0.5568917,0.20112021,0.24198808
0,1,0.23157288,0.38776717,0.38066
1,1,0.2194939,0.39531663,0.38518953
0,0,0.5003988,0.22372843,0.27587268
1,1,0.02575464,0.58665174,0.38759366
0,0,0.5149624,0.2206442,0.26439342
0,1,0.12489545,0.4723259,0.40277863
2,0,0.4978784,0.23018743,0.27193415
1,0,0.50336206,0.2277378,0.26890013
2,0,0.53827554,0.20888929,0.2528352
1,1,0.1982489,0.41217577,0.38957533
2,1,0.05084335,0.544816,0.40434062
1,1,0.07098448,0.52212214,0.40689328
0,0,0.48790306,0.23273289,0.27936405
1,0,0.47057974,0.24404933,0.28537095
2,0,0.48459244,0.23545472,0.2799529
1,1,0.18323286,0.41935042,0.3974167
2,0,0.4903581,0.23263972,0.27700225
2,0,0.45036605,0.25453705,0.29509693
0,0,0.42645898,0.2640035,0.30953747
2,1,0.059081636,0.5378463,0.40307206
2,0,0.5042797,0.22852984,0.2671905
0,0,0.45514992,0.25007716,0.29477295
2,1,0.15398748,0.44445133,0.4015613
0,0,0.38169122,0.28905478,0.32925394
1,0,0.50837743,0.22484192,0.26678067
2,0,0.3511093,0.30738294,0.3415077
2,0,0.44963798,0.25211626,0.2982458
1,0,0.4661216,0.24497278,0.28890565
0,0,0.4318338,0.26099938,0.3071668
0,2,0.24060059,0.37640622,0.3829932
0,0,0.50475305,0.2252344,0.27001247
1,2,0.30698493,0.32354078,0.36947426
0,0,0.47938836,0.24066563,0.27994606
0,0,0.52502275,0.21693146,0.2580457
2,0,0.36903194,0.29930162,0.3316664
2,1,0.1363291,0.4543319,0.40933895
0,0,0.34889925,0.30664992,0.34445083
1,2,0.27543902,0.35924217,0.36531886
0,0,0.43721443,0.26002547,0.30276012
0,2,0.29209104,0.3366725,0.3712364
1,0,0.43579417,0.26264146,0.30156437
2,0,0.44310704,0.2581114,0.29878157
0,0,0.48352897,0.23563202,0.280839
1,0,0.49135828,0.23183542,0.27680627
0,0,0.468952,0.24470653,0.28634143
0,1,0.14598174,0.45589358,0.39812467
0,2,0.34456503,0.30952555,0.3459094
2,0,0.35592085,0.3017849,0.34229422
1,0,0.50261825,0.22560391,0.27177793
2,1,0.13073342,0.46706548,0.40220115
1,0,0.48517522,0.23464163,0.2801832
1,1,0.2048771,0.40426514,0.39085773
2,1,0.2095852,0.4071528,0.38326207
2,0,0.4301357,0.26162714,0.30823717
1,0,0.4903068,0.23237647,0.27731666
2,1,0.026105402,0.58501494,0.3888796
1,1,0.12281361,0.46895316,0.40823323
1,1,0.20637177,0.40737155,0.38625672
2,2,0.31161496,0.33277866,0.35560635
2,1,0.14273643,0.45567676,0.40158677
1,0,0.4489773,0.25085872,0.30016395
2,1,0.20502445,0.40479526,0.3901802
0,0,0.5254574,0.21350195,0.2610407
1,0,0.5531708,0.20158851,0.24524064
0,0,0.40584698,0.2745892,0.3195638
0,0,0.35028762,0.31048244,0.33922997
2,2,0.26450816,0.3565189,0.37897298
1,1,0.02586065,0.58178896,0.39235038
0,1,0.227512,0.39159483,0.38089314
0,0,0.5048456,0.22837053,0.2667838
0,0,0.50355756,0.2258615,0.270581
2,1,0.080494344,0.5131421,0.4063635
1,1,0.04266948,0.551562,0.40576854
2,1,0.09706433,0.49848878,0.40444693
1,2,0.32342333,0.3233901,0.35318655
2,1,0.1575499,0.44263497,0.39981514
1,1,0.1121942,0.4806303,0.40717554
0,0,0.34738952,0.31048626,0.34212422
0,0,0.48239484,0.23731919,0.28028595
2,0,0.3926052,0.2789683,0.32842654
2,0,0.47578564,0.24124435,0.28296998
2,0,0.4999259,0.22777243,0.27230158
1,0,0.35160536,0.3045898,0.3438049
2,0,0.5340939,0.21027696,0.25562906
0,0,0.5285076,0.2115831,0.2599093
2,0,0.36801532,0.2950557,0.33692902
0,0,0.49521655,0.23201817,0.2727652
2,0,0.5317075,0.21198244,0.25631008
2,0,0.41026595,0.2725981,0.31713587
2,0,0.48709324,0.23401302,0.27889374
2,2,0.33800602,0.31394857,0.3480454
0,2,0.2639319,0.35826474,0.37780342
2,1,0.022855984,0.59088784,0.38625613
1,0,0.5642662,0.19622192,0.23951186
2,1,0.12082642,0.46998352,0.40919006
2,1,0.035745285,0.56774014,0.3965146
2,2,0.29503536,0.34246695,0.3624977
2,0,0.4336256,0.26171494,0.30465943
0,0,0.5483671,0.20507386,0.24655895
2,0,0.46594462,0.24376594,0.29028946
2,2,0.280573,0.34936574,0.37006128
1,0,0.4465842,0.25376207,0.29965374
0,0,0.43917263,0.25776443,0.30306298
1,1,0.08612429,0.49989268,0.41398305
1,0,0.5506393,0.20316185,0.24619885
0,0,0.4718506,0.24307284,0.2850766
0,0,0.5587708,0.19926597,0.24196331
0,0,0.50150687,0.22294158,0.27555156
2,1,0.06944906,0.51997757,0.41057336
2,0,0.4688533,0.24334581,0.28780085
1,1,0.04212536,0.5550492,0.40282544
0,2,0.315344,0.32274306,0.36191294
2,0,0.44739825,0.253975,0.29862675
1,0,0.48969543,0.22892623,0.2813784
0,0,0.40804115,0.2716015,0.32035732
0,0,0.5071669,0.22353303,0.26930004
1,0,0.45407465,0.2544946,0.29143077
2,2,0.33810842,0.31627053,0.34562102
2,0,0.5407563,0.20687087,0.25237298
1,0,0.4984273,0.22779714,0.27377555
2,1,0.080457576,0.5114469,0.4080955
1,0,0.51577723,0.22039305,0.26382968
0,1,0.19077548,0.41001517,0.3992093
0,0,0.5242219,0.2167611,0.25901696
1,1,0.13674538,0.4584438,0.40481082
1,1,0.04279117,0.55567104,0.40153775
0,0,0.42957583,0.26292017,0.30750406
1,1,0.04899182,0.5466881,0.4043201
0,1,0.23657086,0.38594323,0.37748596
2,0,0.38562292,0.28436542,0.3300116
1,0,0.3935556,0.27979285,0.3266515
0,0,0.48929304,0.23292357,0.27778333
1,1,0.17320865,0.42927074,0.39752066
2,0,0.5337845,0.2097909,0.25642458
0,2,0.30399156,0.33856317,0.35744524
0,0,0.47537997,0.24089359,0.28372642
2,1,0.12470178,0.47190136,0.4033969
0,1,0.2491073,0.3768408,0.3740519
2,1,0.07463372,0.52164024,0.40372604
2,0,0.36661458,0.29925928,0.33412614
1,1,0.231056,0.3881559,0.38078815
0,0,0.5516438,0.20161176,0.24674454
0,0,0.43529832,0.25994533,0.3047563
1,1,0.2029741,0.40838853,0.38863742
0,0,0.47202802,0.24292547,0.28504652
0,0,0.42631963,0.26463953,0.30904078
2,2,0.31040516,0.33073178,0.358863
1,1,0.11000583,0.48124403,0.4087501
0,0,0.51854426,0.21873797,0.2627177
2,1,0.15364262,0.45056266,0.39579466
1,1,0.04377398,0.5518301,0.4043959
2,0,0.4644337,0.23978026,0.29578605
2,0,0.41175997,0.27519104,0.313049
1,1,0.013943677,0.60971487,0.37634143
1,0,0.506745,0.22488017,0.2683748
0,0,0.47011226,0.23966184,0.29022586
0,0,0.48268092,0.23252507,0.28479394
1,1,0.025249276,0.58277726,0.3919735
2,1,0.09292691,0.49846163,0.4086115
2,1,0.038837317,0.56245106,0.39871168
1,1,0.18483523,0.42105332,0.39411145
2,0,0.46734202,0.24338733,0.2892706
1,0,0.36831224,0.29760802,0.33407974
1,0,0.45856768,0.2510601,0.29037225
1,1,0.20003456,0.41164503,0.38832033
2,1,0.15434031,0.44904068,0.39661902
1,0,0.3801774,0.2811293,0.3386932
0,0,0.5543995,0.20045236,0.24514815
2,2,0.29508367,0.34322986,0.36168647
1,1,0.24071704,0.38100123,0.3782817
0,0,0.4347028,0.26178023,0.30351695
2,0,0.49835587,0.22918068,0.2724634
1,1,0.021311894,0.59303063,0.38565746
2,2,0.30628118,0.33249792,0.3612209
0,0,0.47003555,0.24254665,0.28741783
2,1,0.075546384,0.5162046,0.408249
1,1,0.19746895,0.4112354,0.39129573
1,1,0.21063396,0.39783296,0.39153308
1,0,0.39059764,0.28154564,0.32785675
2,1,0.2212953,0.39634457,0.38236016
0,0,0.385266,0.2868694,0.32786456
2,0,0.50259495,0.22897235,0.26843274
0,0,0.45833507,0.24790838,0.2937565
1,0,0.53805727,0.21069035,0.25125232
0,1,0.07446756,0.51511204,0.4104204
1,1,0.14938496,0.4530081,0.39760697
1,0,0.43231824,0.26268664,0.30499515
2,1,0.07244502,0.51713634,0.41041866
0,1,0.11538853,0.47818837,0.40642306
1,1,0.2586661,0.37099868,0.37033528
0,0,0.45840186,0.24995843,0.29163975
1,1,0.21818568,0.39203054,0.38978386
2,1,0.072657965,0.5167334,0.4106086
1,1,0.11837745,0.47492957,0.40669295
0,0,0.44006228,0.25779507,0.3021427
0,0,0.4900981,0.2352246,0.2746773
2,1,0.19774535,0.41235206,0.38990265
0,0,0.5280414,0.21180594,0.26015267
2,0,0.4601984,0.24974221,0.29005936
0,0,0.45095083,0.25535136,0.29369777
2,1,0.059745796,0.5401222,0.400132
0,0,0.3890718,0.2842763,0.3266519
0,0,0.5376849,0.20809622,0.25421888
2,1,0.115461744,0.48294055,0.40159765
2,1,0.11488042,0.47990176,0.40521786
1,2,0.27987647,0.3542422,0.36588135
1,1,0.15086386,0.44008288,0.40905324
2,1,0.01438976,0.6103751,0.3752351
0,0,0.5332675,0.21079245,0.25594002
1,1,0.08441044,0.50528175,0.4103078
0,0,0.46267834,0.24749815,0.28982353
2,0,0.4594157,0.24917865,0.29140568
0,0,0.47588047,0.2403258,0.2837937
0,0,0.42354643,0.26539576,0.3110578
2,0,0.3747922,0.29166418,0.33354357
0,1,0.117193826,0.4794836,0.40332258
1,2,0.3046671,0.33876118,0.35657176
1,2,0.23791614,0.37714255,0.3849413
2,0,0.3644361,0.29565606,0.33990782
1,1,0.15463023,0.446604,0.39876577
0,0,0.42916402,0.2586721,0.31216395
1,0,0.51408464,0.22200124,0.26391414
1,1,0.17681487,0.43162805,0.39155716
2,1,0.2047685,0.4037393,0.39149222
2,0,0.4563759,0.2512674,0.29235667
1,1,0.03979098,0.55900174,0.4012072
1,0,0.5158919,0.22037652,0.2637315
2,1,0.042674568,0.556985,0.4003404
1,1,0.037950978,0.56546736,0.39658165
2,1,0.0078972345,0.6321597,0.3599431
1,0,0.3708985,0.294855,0.33424652
2,1,0.17476207,0.4320373,0.39320064
0,0,0.49776226,0.23080175,0.271436
2,2,0.30097935,0.32606754,0.3729531
0,0,0.55612284,0.20140767,0.24246952
2,0,0.52263415,0.21423036,0.26313558
0,0,0.54449636,0.20428121,0.25122237
0,0,0.49084088,0.23182058,0.27733862
1,2,0.339946,0.31859437,0.3414596
0,0,0.4680793,0.24444725,0.28747347
1,1,0.17101787,0.43148488,0.39749724
0,0,0.5061056,0.22511761,0.26877677
0,0,0.46072045,0.24412547,0.29515412
2,0,0.50233865,0.22668695,0.2709744
2,0,0.5014614,0.22887713,0.26966143
1,1,0.24776816,0.3769478,0.37528408
2,0,0.5065324,0.2241106,0.26935697
1,1,0.2441276,0.3789327,0.37693965
0,0,0.51815975,0.21825704,0.26358324
0,0,0.43624085,0.26137596,0.30238312
1,0,0.4058305,0.27506694,0.31910256
0,0,0.48716262,0.23486865,0.27796873
1,0,0.42081788,0.267204,0.31197813
2,1,0.17765793,0.4296813,0.39266077
2,0,0.5506919,0.20211011,0.24719808
2,0,0.36282957,0.2967704,0.34040007
0,0,0.43055344,0.26573083,0.3037157
0,1,0.10239488,0.48809338,0.40951174
0,0,0.51032084,0.22414033,0.26553887
0,0,0.48692107,0.23459217,0.2784868
2,1,0.116866834,0.48280382,0.40032944
1,0,0.4505244,0.25286725,0.29660842
2,0,0.36378342,0.29409936,0.34211716
1,2,0.29567468,0.34318984,0.3611355
0,0,0.47055525,0.2409712,0.28847358
2,1,0.047354788,0.5498911,0.40275413
2,0,0.36493793,0.30066225,0.3343998
0,0,0.49338636,0.23105364,0.27556
1,0,0.5778713,0.18763512,0.23449346
2,1,0.20733203,0.4031054,0.38956258
2,1,0.107766144,0.48811895,0.4041149
1,0,0.4331771,0.26240215,0.30442074
2,1,0.22931847,0.3923716,0.3783099
0,0,0.4890962,0.23463544,0.27626833
1,0,0.49311593,0.23284669,0.27403733
2,1,0.12732783,0.4706459,0.4020263
1,1,0.078269586,0.5088056,0.41292483
1,0,0.36566108,0.28936678,0.3449722
0,0,0.5133251,0.21755825,0.26911667
2,1,0.02480094,0.58397686,0.3912222
0,2,0.27903527,0.34514096,0.3758238
2,0,0.5172271,0.22333276,0.25944012
0,0,0.46172404,0.24755768,0.2907183
1,2,0.30078486,0.33742106,0.36179414
0,0,0.50502163,0.22496311,0.27001527
2,1,0.06423911,0.52813727,0.40762368
1,1,0.18924345,0.42126924,0.38948727
2,0,0.4981328,0.22987463,0.27199265
1,0,0.498256,0.23128197,0.270462
0,0,0.4297339,0.25694433,0.31332174
0,0,0.38071114,0.29262275,0.32666615
0,0,0.4843471,0.23547347,0.28017947
1,2,0.2423328,0.37082776,0.38683948
1,0,0.4720543,0.24193877,0.28600693
2,1,0.03817897,0.5593365,0.40248457
0,0,0.48344204,0.23779605,0.27876192
2,0,0.5010193,0.2264992,0.2724815
0,0,0.53379464,0.21212777,0.25407764
1,1,0.17887656,0.42137948,0.3997439
0,1,0.06699871,0.52607894,0.40692234
0,0,0.5018001,0.22450645,0.2736934
2,0,0.45388076,0.25079492,0.29532427
2,1,0.16394794,0.43541995,0.40063214
2,2,0.25861335,0.36992204,0.37146458
2,0,0.48865914,0.23360646,0.27773437
1,1,0.1497392,0.44685957,0.4034012
1,1,0.185029,0.4167965,0.39817452
1,1,0.16537298,0.43515536,0.39947164
2,0,0.5401423,0.20782402,0.2520337
2,1,0.06415057,0.5285235,0.40732592
2,0,0.4513661,0.24988542,0.2987485
2,1,0.07940834,0.51323897,0.4073527
1,1,0.035026744,0.5642682,0.40070513
0,0,0.36132085,0.30141348,0.33726567
1,1,0.16290484,0.43610615,0.40098906
1,1,0.13146712,0.46544608,0.40308678
2,1,0.21570742,0.3986614,0.38563108
0,0,0.4282838,0.26534694,0.3063693
1,1,0.23362449,0.3837652,0.3826103
2,0,0.5438373,0.20789297,0.24826963
0,0,0.5366946,0.20963365,0.25367174
0,2,0.24341133,0.36702216,0.38956654
1,1,0.18270779,0.4241742,0.39311802
2,0,0.49715972,0.22851907,0.27432117
0,0,0.54696465,0.20658404,0.24645133
0,0,0.45421556,0.25007182,0.29571265
1,0,0.4921575,0.23239082,0.27545172
1,1,0.0397959,0.5576285,0.4025756
1,2,0.31706747,0.3301005,0.35283205
0,0,0.51881033,0.21833141,0.26285833
1,0,0.5173045,0.21586075,0.26683474
2,1,0.13168162,0.46067348,0.40764496
2,1,0.048617955,0.5453907,0.40599132
0,0,0.44328108,0.25862187,0.29809698
0,0,0.43200037,0.264585,0.3034147
0,0,0.5059458,0.22464359,0.26941058
1,1,0.19029328,0.4171537,0.392553
1,1,0.014360718,0.6110696,0.37456968
0,0,0.45326844,0.2522974,0.29443416
0,0,0.43448004,0.26068714,0.30483282
1,0,0.5077638,0.22448412,0.26775214
2,0,0.47806966,0.24298187,0.27894855
2,0,0.4119383,0.27185267,0.316209
0,0,0.5105417,0.2220131,0.26744524
0,0,0.49344411,0.23125836,0.27529755
1,1,0.07446072,0.5129814,0.4125579
0,0,0.5357635,0.20979232,0.25444427
0,0,0.47600114,0.23790267,0.28609616
2,0,0.49012902,0.23036106,0.27950993
2,0,0.44067565,0.25626332,0.30306107
1,0,0.48112354,0.23861642,0.28026012
2,1,0.19984373,0.4109511,0.3892051
